==================== 2026-09-08 16:23:01 ====================
--- Thermal Temps (mC) ---
/sys/devices/virtual/thermal/thermal_zone0/temp: 39500
/sys/devices/virtual/thermal/thermal_zone1/temp: 39000
--- lscpu -e ---
CPU NODE SOCKET CORE L1d:L1i:L2:L3 ONLINE    MAXMHZ   MINMHZ       MHZ
  0    0      0    0 0:0:0:0           是 4500.0000 800.0000 1126.6379
  1    0      0    1 4:4:1:0           是 4500.0000 800.0000  798.5550
  2    0      0    2 8:8:2:0           是 4500.0000 800.0000 2064.2839
  3    0      0    3 12:12:3:0         是 4500.0000 800.0000  800.0000
  4    0      0    4 16:16:4:0         是 4500.0000 800.0000 1600.0160
  5    0      0    5 20:20:5:0         是 4500.0000 800.0000 1312.8719
  6    0      0    6 24:24:6:0         是 3100.0000 800.0000 1498.9210
  7    0      0    7 25:25:6:0         是 3100.0000 800.0000  800.0000
  8    0      0    8 26:26:6:0         是 3100.0000 800.0000  800.0000
  9    0      0    9 27:27:6:0         是 3100.0000 800.0000 1450.8610
 10    0      0   10 28:28:7:0         是 3100.0000 800.0000 1211.7950
 11    0      0   11 29:29:7:0         是 3100.0000 800.0000 1175.9940
 12    0      0   12 30:30:7:0         是 3100.0000 800.0000  801.5550
 13    0      0   13 31:31:7:0         是 3100.0000 800.0000 1444.0880

==================== 2026-09-08 16:23:02 ====================
--- Thermal Temps (mC) ---
/sys/devices/virtual/thermal/thermal_zone0/temp: 39400
/sys/devices/virtual/thermal/thermal_zone1/temp: 40000
--- lscpu -e ---
CPU NODE SOCKET CORE L1d:L1i:L2:L3 ONLINE    MAXMHZ   MINMHZ       MHZ
  0    0      0    0 0:0:0:0           是 4500.0000 800.0000  830.7770
  1    0      0    1 4:4:1:0           是 4500.0000 800.0000  798.5130
  2    0      0    2 8:8:2:0           是 4500.0000 800.0000  800.0720
  3    0      0    3 12:12:3:0         是 4500.0000 800.0000  800.0000
  4    0      0    4 16:16:4:0         是 4500.0000 800.0000 1599.9830
  5    0      0    5 20:20:5:0         是 4500.0000 800.0000  799.3750
  6    0      0    6 24:24:6:0         是 3100.0000 800.0000 1601.1810
  7    0      0    7 25:25:6:0         是 3100.0000 800.0000 1493.8140
  8    0      0    8 26:26:6:0         是 3100.0000 800.0000  800.0000
  9    0      0    9 27:27:6:0         是 3100.0000 800.0000  800.0000
 10    0      0   10 28:28:7:0         是 3100.0000 800.0000 1003.0680
 11    0      0   11 29:29:7:0         是 3100.0000 800.0000  801.2780
 12    0      0   12 30:30:7:0         是 3100.0000 800.0000  799.1840
 13    0      0   13 31:31:7:0         是 3100.0000 800.0000  986.1840

==================== 2026-09-08 16:23:03 ====================
--- Thermal Temps (mC) ---
/sys/devices/virtual/thermal/thermal_zone0/temp: 39700
/sys/devices/virtual/thermal/thermal_zone1/temp: 39000
--- lscpu -e ---
CPU NODE SOCKET CORE L1d:L1i:L2:L3 ONLINE    MAXMHZ   MINMHZ       MHZ
  0    0      0    0 0:0:0:0           是 4500.0000 800.0000 1599.7430
  1    0      0    1 4:4:1:0           是 4500.0000 800.0000  800.0000
  2    0      0    2 8:8:2:0           是 4500.0000 800.0000 2840.8279
  3    0      0    3 12:12:3:0         是 4500.0000 800.0000  800.0000
  4    0      0    4 16:16:4:0         是 4500.0000 800.0000  800.0000
  5    0      0    5 20:20:5:0         是 4500.0000 800.0000  800.0000
  6    0      0    6 24:24:6:0         是 3100.0000 800.0000 1599.6071
  7    0      0    7 25:25:6:0         是 3100.0000 800.0000  800.9520
  8    0      0    8 26:26:6:0         是 3100.0000 800.0000  799.5160
  9    0      0    9 27:27:6:0         是 3100.0000 800.0000  800.0000
 10    0      0   10 28:28:7:0         是 3100.0000 800.0000  799.3210
 11    0      0   11 29:29:7:0         是 3100.0000 800.0000  800.3660
 12    0      0   12 30:30:7:0         是 3100.0000 800.0000  922.2280
 13    0      0   13 31:31:7:0         是 3100.0000 800.0000 1518.3130

==================== 2026-09-08 16:23:04 ====================
--- Thermal Temps (mC) ---
/sys/devices/virtual/thermal/thermal_zone0/temp: 39300
/sys/devices/virtual/thermal/thermal_zone1/temp: 39000
--- lscpu -e ---
CPU NODE SOCKET CORE L1d:L1i:L2:L3 ONLINE    MAXMHZ   MINMHZ       MHZ
  0    0      0    0 0:0:0:0           是 4500.0000 800.0000  933.6160
  1    0      0    1 4:4:1:0           是 4500.0000 800.0000 1536.4200
  2    0      0    2 8:8:2:0           是 4500.0000 800.0000 3692.1279
  3    0      0    3 12:12:3:0         是 4500.0000 800.0000  800.0000
  4    0      0    4 16:16:4:0         是 4500.0000 800.0000  800.0000
  5    0      0    5 20:20:5:0         是 4500.0000 800.0000  801.6260
  6    0      0    6 24:24:6:0         是 3100.0000 800.0000  800.0000
  7    0      0    7 25:25:6:0         是 3100.0000 800.0000 1599.7061
  8    0      0    8 26:26:6:0         是 3100.0000 800.0000 1605.7140
  9    0      0    9 27:27:6:0         是 3100.0000 800.0000  800.0000
 10    0      0   10 28:28:7:0         是 3100.0000 800.0000 1030.4540
 11    0      0   11 29:29:7:0         是 3100.0000 800.0000  814.7240
 12    0      0   12 30:30:7:0         是 3100.0000 800.0000  926.0810
 13    0      0   13 31:31:7:0         是 3100.0000 800.0000 1565.6949

==================== 2026-09-08 16:23:05 ====================
--- Thermal Temps (mC) ---
/sys/devices/virtual/thermal/thermal_zone0/temp: 39500
/sys/devices/virtual/thermal/thermal_zone1/temp: 42000
--- lscpu -e ---
CPU NODE SOCKET CORE L1d:L1i:L2:L3 ONLINE    MAXMHZ   MINMHZ       MHZ
  0    0      0    0 0:0:0:0           是 4500.0000 800.0000 1599.9830
  1    0      0    1 4:4:1:0           是 4500.0000 800.0000 1600.0000
  2    0      0    2 8:8:2:0           是 4500.0000 800.0000 1564.1860
  3    0      0    3 12:12:3:0         是 4500.0000 800.0000  800.0000
  4    0      0    4 16:16:4:0         是 4500.0000 800.0000 1600.0000
  5    0      0    5 20:20:5:0         是 4500.0000 800.0000 1600.0000
  6    0      0    6 24:24:6:0         是 3100.0000 800.0000 1601.1620
  7    0      0    7 25:25:6:0         是 3100.0000 800.0000 1601.7500
  8    0      0    8 26:26:6:0         是 3100.0000 800.0000 1601.1920
  9    0      0    9 27:27:6:0         是 3100.0000 800.0000  800.0000
 10    0      0   10 28:28:7:0         是 3100.0000 800.0000  800.5630
 11    0      0   11 29:29:7:0         是 3100.0000 800.0000  798.1270
 12    0      0   12 30:30:7:0         是 3100.0000 800.0000 1010.6790
 13    0      0   13 31:31:7:0         是 3100.0000 800.0000  823.0690

==================== 2026-09-08 16:23:06 ====================
--- Thermal Temps (mC) ---
/sys/devices/virtual/thermal/thermal_zone0/temp: 39700
/sys/devices/virtual/thermal/thermal_zone1/temp: 40000
--- lscpu -e ---
CPU NODE SOCKET CORE L1d:L1i:L2:L3 ONLINE    MAXMHZ   MINMHZ       MHZ
  0    0      0    0 0:0:0:0           是 4500.0000 800.0000 1144.3831
  1    0      0    1 4:4:1:0           是 4500.0000 800.0000  799.5770
  2    0      0    2 8:8:2:0           是 4500.0000 800.0000 3636.6919
  3    0      0    3 12:12:3:0         是 4500.0000 800.0000  800.0000
  4    0      0    4 16:16:4:0         是 4500.0000 800.0000 1600.0160
  5    0      0    5 20:20:5:0         是 4500.0000 800.0000 1043.3929
  6    0      0    6 24:24:6:0         是 3100.0000 800.0000 1605.0341
  7    0      0    7 25:25:6:0         是 3100.0000 800.0000  800.0000
  8    0      0    8 26:26:6:0         是 3100.0000 800.0000 1601.3640
  9    0      0    9 27:27:6:0         是 3100.0000 800.0000  800.0000
 10    0      0   10 28:28:7:0         是 3100.0000 800.0000  810.4700
 11    0      0   11 29:29:7:0         是 3100.0000 800.0000  806.5710
 12    0      0   12 30:30:7:0         是 3100.0000 800.0000  801.9440
 13    0      0   13 31:31:7:0         是 3100.0000 800.0000  799.8250

==================== 2026-09-08 16:23:07 ====================
--- Thermal Temps (mC) ---
/sys/devices/virtual/thermal/thermal_zone0/temp: 39400
/sys/devices/virtual/thermal/thermal_zone1/temp: 40000
--- lscpu -e ---
CPU NODE SOCKET CORE L1d:L1i:L2:L3 ONLINE    MAXMHZ   MINMHZ       MHZ
  0    0      0    0 0:0:0:0           是 4500.0000 800.0000 1570.4930
  1    0      0    1 4:4:1:0           是 4500.0000 800.0000  800.0000
  2    0      0    2 8:8:2:0           是 4500.0000 800.0000 3900.0000
  3    0      0    3 12:12:3:0         是 4500.0000 800.0000  800.0000
  4    0      0    4 16:16:4:0         是 4500.0000 800.0000 1600.0000
  5    0      0    5 20:20:5:0         是 4500.0000 800.0000 1238.8760
  6    0      0    6 24:24:6:0         是 3100.0000 800.0000 1603.0870
  7    0      0    7 25:25:6:0         是 3100.0000 800.0000 1600.2740
  8    0      0    8 26:26:6:0         是 3100.0000 800.0000 1599.6880
  9    0      0    9 27:27:6:0         是 3100.0000 800.0000  800.0000
 10    0      0   10 28:28:7:0         是 3100.0000 800.0000  966.4740
 11    0      0   11 29:29:7:0         是 3100.0000 800.0000  896.7390
 12    0      0   12 30:30:7:0         是 3100.0000 800.0000  892.0460
 13    0      0   13 31:31:7:0         是 3100.0000 800.0000 1463.0930

==================== 2026-09-08 16:23:08 ====================
--- Thermal Temps (mC) ---
/sys/devices/virtual/thermal/thermal_zone0/temp: 39100
/sys/devices/virtual/thermal/thermal_zone1/temp: 39000
--- lscpu -e ---
CPU NODE SOCKET CORE L1d:L1i:L2:L3 ONLINE    MAXMHZ   MINMHZ       MHZ
  0    0      0    0 0:0:0:0           是 4500.0000 800.0000  800.0000
  1    0      0    1 4:4:1:0           是 4500.0000 800.0000  798.5580
  2    0      0    2 8:8:2:0           是 4500.0000 800.0000 1237.2390
  3    0      0    3 12:12:3:0         是 4500.0000 800.0000  800.0000
  4    0      0    4 16:16:4:0         是 4500.0000 800.0000  800.9870
  5    0      0    5 20:20:5:0         是 4500.0000 800.0000 1600.0000
  6    0      0    6 24:24:6:0         是 3100.0000 800.0000 1599.9659
  7    0      0    7 25:25:6:0         是 3100.0000 800.0000  800.0000
  8    0      0    8 26:26:6:0         是 3100.0000 800.0000  800.0000
  9    0      0    9 27:27:6:0         是 3100.0000 800.0000  800.0000
 10    0      0   10 28:28:7:0         是 3100.0000 800.0000  935.6240
 11    0      0   11 29:29:7:0         是 3100.0000 800.0000  992.5680
 12    0      0   12 30:30:7:0         是 3100.0000 800.0000  798.1610
 13    0      0   13 31:31:7:0         是 3100.0000 800.0000  808.2900

==================== 2026-09-08 16:23:09 ====================
--- Thermal Temps (mC) ---
/sys/devices/virtual/thermal/thermal_zone0/temp: 39100
/sys/devices/virtual/thermal/thermal_zone1/temp: 40000
--- lscpu -e ---
CPU NODE SOCKET CORE L1d:L1i:L2:L3 ONLINE    MAXMHZ   MINMHZ       MHZ
  0    0      0    0 0:0:0:0           是 4500.0000 800.0000 1600.0160
  1    0      0    1 4:4:1:0           是 4500.0000 800.0000  799.5040
  2    0      0    2 8:8:2:0           是 4500.0000 800.0000 1562.8571
  3    0      0    3 12:12:3:0         是 4500.0000 800.0000  800.0000
  4    0      0    4 16:16:4:0         是 4500.0000 800.0000 1575.1990
  5    0      0    5 20:20:5:0         是 4500.0000 800.0000  800.3360
  6    0      0    6 24:24:6:0         是 3100.0000 800.0000 1871.8440
  7    0      0    7 25:25:6:0         是 3100.0000 800.0000  800.0000
  8    0      0    8 26:26:6:0         是 3100.0000 800.0000  800.0000
  9    0      0    9 27:27:6:0         是 3100.0000 800.0000  800.0000
 10    0      0   10 28:28:7:0         是 3100.0000 800.0000  800.2030
 11    0      0   11 29:29:7:0         是 3100.0000 800.0000  798.1200
 12    0      0   12 30:30:7:0         是 3100.0000 800.0000  799.8340
 13    0      0   13 31:31:7:0         是 3100.0000 800.0000  801.2690

==================== 2026-09-08 16:23:10 ====================
--- Thermal Temps (mC) ---
/sys/devices/virtual/thermal/thermal_zone0/temp: 38900
/sys/devices/virtual/thermal/thermal_zone1/temp: 40000
--- lscpu -e ---
CPU NODE SOCKET CORE L1d:L1i:L2:L3 ONLINE    MAXMHZ   MINMHZ       MHZ
  0    0      0    0 0:0:0:0           是 4500.0000 800.0000 1600.0160
  1    0      0    1 4:4:1:0           是 4500.0000 800.0000  800.0000
  2    0      0    2 8:8:2:0           是 4500.0000 800.0000 3900.0000
  3    0      0    3 12:12:3:0         是 4500.0000 800.0000  800.0000
  4    0      0    4 16:16:4:0         是 4500.0000 800.0000  801.1690
  5    0      0    5 20:20:5:0         是 4500.0000 800.0000  800.0000
  6    0      0    6 24:24:6:0         是 3100.0000 800.0000 1605.1860
  7    0      0    7 25:25:6:0         是 3100.0000 800.0000 1463.5861
  8    0      0    8 26:26:6:0         是 3100.0000 800.0000  800.0000
  9    0      0    9 27:27:6:0         是 3100.0000 800.0000  800.0000
 10    0      0   10 28:28:7:0         是 3100.0000 800.0000  800.5230
 11    0      0   11 29:29:7:0         是 3100.0000 800.0000  800.3600
 12    0      0   12 30:30:7:0         是 3100.0000 800.0000  799.1780
 13    0      0   13 31:31:7:0         是 3100.0000 800.0000  800.9810

==================== 2026-09-08 16:23:11 ====================
--- Thermal Temps (mC) ---
/sys/devices/virtual/thermal/thermal_zone0/temp: 38600
/sys/devices/virtual/thermal/thermal_zone1/temp: 41000
--- lscpu -e ---
CPU NODE SOCKET CORE L1d:L1i:L2:L3 ONLINE    MAXMHZ   MINMHZ       MHZ
  0    0      0    0 0:0:0:0           是 4500.0000 800.0000 1129.7610
  1    0      0    1 4:4:1:0           是 4500.0000 800.0000 1600.0160
  2    0      0    2 8:8:2:0           是 4500.0000 800.0000  799.9440
  3    0      0    3 12:12:3:0         是 4500.0000 800.0000  800.0000
  4    0      0    4 16:16:4:0         是 4500.0000 800.0000 1600.0160
  5    0      0    5 20:20:5:0         是 4500.0000 800.0000  801.3860
  6    0      0    6 24:24:6:0         是 3100.0000 800.0000 1634.4620
  7    0      0    7 25:25:6:0         是 3100.0000 800.0000 1599.1219
  8    0      0    8 26:26:6:0         是 3100.0000 800.0000 1543.2880
  9    0      0    9 27:27:6:0         是 3100.0000 800.0000 1663.5410
 10    0      0   10 28:28:7:0         是 3100.0000 800.0000 1372.7690
 11    0      0   11 29:29:7:0         是 3100.0000 800.0000  799.2850
 12    0      0   12 30:30:7:0         是 3100.0000 800.0000  801.0280
 13    0      0   13 31:31:7:0         是 3100.0000 800.0000  799.9370

==================== 2026-09-08 16:23:12 ====================
--- Thermal Temps (mC) ---
/sys/devices/virtual/thermal/thermal_zone0/temp: 38900
/sys/devices/virtual/thermal/thermal_zone1/temp: 39000
--- lscpu -e ---
CPU NODE SOCKET CORE L1d:L1i:L2:L3 ONLINE    MAXMHZ   MINMHZ       MHZ
  0    0      0    0 0:0:0:0           是 4500.0000 800.0000 1591.5630
  1    0      0    1 4:4:1:0           是 4500.0000 800.0000  799.0330
  2    0      0    2 8:8:2:0           是 4500.0000 800.0000 2556.7329
  3    0      0    3 12:12:3:0         是 4500.0000 800.0000  800.0000
  4    0      0    4 16:16:4:0         是 4500.0000 800.0000 1600.0000
  5    0      0    5 20:20:5:0         是 4500.0000 800.0000 1334.1440
  6    0      0    6 24:24:6:0         是 3100.0000 800.0000 1483.4490
  7    0      0    7 25:25:6:0         是 3100.0000 800.0000 1705.8149
  8    0      0    8 26:26:6:0         是 3100.0000 800.0000  800.0000
  9    0      0    9 27:27:6:0         是 3100.0000 800.0000 1499.5280
 10    0      0   10 28:28:7:0         是 3100.0000 800.0000 1071.7980
 11    0      0   11 29:29:7:0         是 3100.0000 800.0000  908.7760
 12    0      0   12 30:30:7:0         是 3100.0000 800.0000  806.0660
 13    0      0   13 31:31:7:0         是 3100.0000 800.0000 1194.9410

==================== 2026-09-08 16:23:13 ====================
--- Thermal Temps (mC) ---
/sys/devices/virtual/thermal/thermal_zone0/temp: 38700
/sys/devices/virtual/thermal/thermal_zone1/temp: 40000
--- lscpu -e ---
CPU NODE SOCKET CORE L1d:L1i:L2:L3 ONLINE    MAXMHZ   MINMHZ       MHZ
  0    0      0    0 0:0:0:0           是 4500.0000 800.0000  800.2080
  1    0      0    1 4:4:1:0           是 4500.0000 800.0000 1564.5710
  2    0      0    2 8:8:2:0           是 4500.0000 800.0000  921.9350
  3    0      0    3 12:12:3:0         是 4500.0000 800.0000  800.0000
  4    0      0    4 16:16:4:0         是 4500.0000 800.0000 1481.3140
  5    0      0    5 20:20:5:0         是 4500.0000 800.0000  800.0000
  6    0      0    6 24:24:6:0         是 3100.0000 800.0000 1600.4290
  7    0      0    7 25:25:6:0         是 3100.0000 800.0000 3018.4021
  8    0      0    8 26:26:6:0         是 3100.0000 800.0000 3018.0759
  9    0      0    9 27:27:6:0         是 3100.0000 800.0000  800.0000
 10    0      0   10 28:28:7:0         是 3100.0000 800.0000 3008.0720
 11    0      0   11 29:29:7:0         是 3100.0000 800.0000 3010.1140
 12    0      0   12 30:30:7:0         是 3100.0000 800.0000  800.5770
 13    0      0   13 31:31:7:0         是 3100.0000 800.0000 2042.7040

==================== 2026-09-08 16:23:14 ====================
--- Thermal Temps (mC) ---
/sys/devices/virtual/thermal/thermal_zone0/temp: 39000
/sys/devices/virtual/thermal/thermal_zone1/temp: 39000
--- lscpu -e ---
CPU NODE SOCKET CORE L1d:L1i:L2:L3 ONLINE    MAXMHZ   MINMHZ       MHZ
  0    0      0    0 0:0:0:0           是 4500.0000 800.0000  989.6890
  1    0      0    1 4:4:1:0           是 4500.0000 800.0000 1600.0000
  2    0      0    2 8:8:2:0           是 4500.0000 800.0000  800.0000
  3    0      0    3 12:12:3:0         是 4500.0000 800.0000  800.0000
  4    0      0    4 16:16:4:0         是 4500.0000 800.0000  800.0000
  5    0      0    5 20:20:5:0         是 4500.0000 800.0000 1551.7170
  6    0      0    6 24:24:6:0         是 3100.0000 800.0000 1529.4420
  7    0      0    7 25:25:6:0         是 3100.0000 800.0000 1621.7390
  8    0      0    8 26:26:6:0         是 3100.0000 800.0000 1598.4740
  9    0      0    9 27:27:6:0         是 3100.0000 800.0000  800.0000
 10    0      0   10 28:28:7:0         是 3100.0000 800.0000  803.3330
 11    0      0   11 29:29:7:0         是 3100.0000 800.0000  800.5580
 12    0      0   12 30:30:7:0         是 3100.0000 800.0000 1030.1130
 13    0      0   13 31:31:7:0         是 3100.0000 800.0000 1599.7330

==================== 2026-09-08 16:23:15 ====================
--- Thermal Temps (mC) ---
/sys/devices/virtual/thermal/thermal_zone0/temp: 39200
/sys/devices/virtual/thermal/thermal_zone1/temp: 46000
--- lscpu -e ---
CPU NODE SOCKET CORE L1d:L1i:L2:L3 ONLINE    MAXMHZ   MINMHZ       MHZ
  0    0      0    0 0:0:0:0           是 4500.0000 800.0000 3500.0000
  1    0      0    1 4:4:1:0           是 4500.0000 800.0000 3500.0000
  2    0      0    2 8:8:2:0           是 4500.0000 800.0000 3500.0000
  3    0      0    3 12:12:3:0         是 4500.0000 800.0000  800.0000
  4    0      0    4 16:16:4:0         是 4500.0000 800.0000 3402.2041
  5    0      0    5 20:20:5:0         是 4500.0000 800.0000 3402.1951
  6    0      0    6 24:24:6:0         是 3100.0000 800.0000 2799.9971
  7    0      0    7 25:25:6:0         是 3100.0000 800.0000 2799.9451
  8    0      0    8 26:26:6:0         是 3100.0000 800.0000 2799.9670
  9    0      0    9 27:27:6:0         是 3100.0000 800.0000 2799.9861
 10    0      0   10 28:28:7:0         是 3100.0000 800.0000 2800.0190
 11    0      0   11 29:29:7:0         是 3100.0000 800.0000 2799.9890
 12    0      0   12 30:30:7:0         是 3100.0000 800.0000 2800.0020
 13    0      0   13 31:31:7:0         是 3100.0000 800.0000 2799.9719

==================== 2026-09-08 16:23:16 ====================
--- Thermal Temps (mC) ---
/sys/devices/virtual/thermal/thermal_zone0/temp: 49600
/sys/devices/virtual/thermal/thermal_zone1/temp: 50000
--- lscpu -e ---
CPU NODE SOCKET CORE L1d:L1i:L2:L3 ONLINE    MAXMHZ   MINMHZ       MHZ
  0    0      0    0 0:0:0:0           是 4500.0000 800.0000 3500.0000
  1    0      0    1 4:4:1:0           是 4500.0000 800.0000 3500.0349
  2    0      0    2 8:8:2:0           是 4500.0000 800.0000 3500.0000
  3    0      0    3 12:12:3:0         是 4500.0000 800.0000  800.0000
  4    0      0    4 16:16:4:0         是 4500.0000 800.0000 3500.0349
  5    0      0    5 20:20:5:0         是 4500.0000 800.0000 3500.0349
  6    0      0    6 24:24:6:0         是 3100.0000 800.0000 2799.9780
  7    0      0    7 25:25:6:0         是 3100.0000 800.0000 2800.1060
  8    0      0    8 26:26:6:0         是 3100.0000 800.0000 2800.0559
  9    0      0    9 27:27:6:0         是 3100.0000 800.0000 2800.0061
 10    0      0   10 28:28:7:0         是 3100.0000 800.0000 2800.0591
 11    0      0   11 29:29:7:0         是 3100.0000 800.0000 2799.9070
 12    0      0   12 30:30:7:0         是 3100.0000 800.0000 2800.0349
 13    0      0   13 31:31:7:0         是 3100.0000 800.0000 2799.9651

==================== 2026-09-08 16:23:17 ====================
--- Thermal Temps (mC) ---
/sys/devices/virtual/thermal/thermal_zone0/temp: 50400
/sys/devices/virtual/thermal/thermal_zone1/temp: 51000
--- lscpu -e ---
CPU NODE SOCKET CORE L1d:L1i:L2:L3 ONLINE    MAXMHZ   MINMHZ       MHZ
  0    0      0    0 0:0:0:0           是 4500.0000 800.0000 3499.9641
  1    0      0    1 4:4:1:0           是 4500.0000 800.0000 3500.0349
  2    0      0    2 8:8:2:0           是 4500.0000 800.0000 3499.9641
  3    0      0    3 12:12:3:0         是 4500.0000 800.0000  800.0000
  4    0      0    4 16:16:4:0         是 4500.0000 800.0000 3500.0349
  5    0      0    5 20:20:5:0         是 4500.0000 800.0000 3500.0000
  6    0      0    6 24:24:6:0         是 3100.0000 800.0000 2799.9580
  7    0      0    7 25:25:6:0         是 3100.0000 800.0000 2800.0349
  8    0      0    8 26:26:6:0         是 3100.0000 800.0000 2800.0371
  9    0      0    9 27:27:6:0         是 3100.0000 800.0000 2800.0920
 10    0      0   10 28:28:7:0         是 3100.0000 800.0000 2800.0630
 11    0      0   11 29:29:7:0         是 3100.0000 800.0000 2799.9810
 12    0      0   12 30:30:7:0         是 3100.0000 800.0000 2799.9829
 13    0      0   13 31:31:7:0         是 3100.0000 800.0000 2800.0149

==================== 2026-09-08 16:23:18 ====================
--- Thermal Temps (mC) ---
/sys/devices/virtual/thermal/thermal_zone0/temp: 50900
/sys/devices/virtual/thermal/thermal_zone1/temp: 51000
--- lscpu -e ---
CPU NODE SOCKET CORE L1d:L1i:L2:L3 ONLINE    MAXMHZ   MINMHZ       MHZ
  0    0      0    0 0:0:0:0           是 4500.0000 800.0000 3500.0000
  1    0      0    1 4:4:1:0           是 4500.0000 800.0000 3499.9641
  2    0      0    2 8:8:2:0           是 4500.0000 800.0000 3500.0000
  3    0      0    3 12:12:3:0         是 4500.0000 800.0000  800.0000
  4    0      0    4 16:16:4:0         是 4500.0000 800.0000 3500.0349
  5    0      0    5 20:20:5:0         是 4500.0000 800.0000 3500.0000
  6    0      0    6 24:24:6:0         是 3100.0000 800.0000 2800.0120
  7    0      0    7 25:25:6:0         是 3100.0000 800.0000 2800.0139
  8    0      0    8 26:26:6:0         是 3100.0000 800.0000 2799.9370
  9    0      0    9 27:27:6:0         是 3100.0000 800.0000 2800.0869
 10    0      0   10 28:28:7:0         是 3100.0000 800.0000 2800.0740
 11    0      0   11 29:29:7:0         是 3100.0000 800.0000 2800.0281
 12    0      0   12 30:30:7:0         是 3100.0000 800.0000 2799.9980
 13    0      0   13 31:31:7:0         是 3100.0000 800.0000 2799.9519

==================== 2026-09-08 16:23:19 ====================
--- Thermal Temps (mC) ---
/sys/devices/virtual/thermal/thermal_zone0/temp: 51000
/sys/devices/virtual/thermal/thermal_zone1/temp: 52000
--- lscpu -e ---
CPU NODE SOCKET CORE L1d:L1i:L2:L3 ONLINE    MAXMHZ   MINMHZ       MHZ
  0    0      0    0 0:0:0:0           是 4500.0000 800.0000 3499.8589
  1    0      0    1 4:4:1:0           是 4500.0000 800.0000 3500.0000
  2    0      0    2 8:8:2:0           是 4500.0000 800.0000 3500.0000
  3    0      0    3 12:12:3:0         是 4500.0000 800.0000  800.0000
  4    0      0    4 16:16:4:0         是 4500.0000 800.0000 3499.9641
  5    0      0    5 20:20:5:0         是 4500.0000 800.0000 3500.0000
  6    0      0    6 24:24:6:0         是 3100.0000 800.0000 2799.9910
  7    0      0    7 25:25:6:0         是 3100.0000 800.0000 2800.0510
  8    0      0    8 26:26:6:0         是 3100.0000 800.0000 2799.9590
  9    0      0    9 27:27:6:0         是 3100.0000 800.0000 2799.9399
 10    0      0   10 28:28:7:0         是 3100.0000 800.0000 2800.0110
 11    0      0   11 29:29:7:0         是 3100.0000 800.0000 2800.0850
 12    0      0   12 30:30:7:0         是 3100.0000 800.0000 2800.0190
 13    0      0   13 31:31:7:0         是 3100.0000 800.0000 2800.0500

==================== 2026-09-08 16:23:21 ====================
--- Thermal Temps (mC) ---
/sys/devices/virtual/thermal/thermal_zone0/temp: 51300
/sys/devices/virtual/thermal/thermal_zone1/temp: 51000
--- lscpu -e ---
CPU NODE SOCKET CORE L1d:L1i:L2:L3 ONLINE    MAXMHZ   MINMHZ       MHZ
  0    0      0    0 0:0:0:0           是 4500.0000 800.0000 3500.0349
  1    0      0    1 4:4:1:0           是 4500.0000 800.0000 3500.0349
  2    0      0    2 8:8:2:0           是 4500.0000 800.0000 3500.0000
  3    0      0    3 12:12:3:0         是 4500.0000 800.0000  800.0000
  4    0      0    4 16:16:4:0         是 4500.0000 800.0000 3500.0349
  5    0      0    5 20:20:5:0         是 4500.0000 800.0000 3499.9641
  6    0      0    6 24:24:6:0         是 3100.0000 800.0000 2799.9961
  7    0      0    7 25:25:6:0         是 3100.0000 800.0000 2799.9500
  8    0      0    8 26:26:6:0         是 3100.0000 800.0000 2799.9939
  9    0      0    9 27:27:6:0         是 3100.0000 800.0000 2800.0430
 10    0      0   10 28:28:7:0         是 3100.0000 800.0000 2800.0210
 11    0      0   11 29:29:7:0         是 3100.0000 800.0000 2799.9561
 12    0      0   12 30:30:7:0         是 3100.0000 800.0000 2799.9609
 13    0      0   13 31:31:7:0         是 3100.0000 800.0000 2799.9780

==================== 2026-09-08 16:23:22 ====================
--- Thermal Temps (mC) ---
/sys/devices/virtual/thermal/thermal_zone0/temp: 51000
/sys/devices/virtual/thermal/thermal_zone1/temp: 51000
--- lscpu -e ---
CPU NODE SOCKET CORE L1d:L1i:L2:L3 ONLINE    MAXMHZ   MINMHZ       MHZ
  0    0      0    0 0:0:0:0           是 4500.0000 800.0000 3500.0000
  1    0      0    1 4:4:1:0           是 4500.0000 800.0000 3500.0000
  2    0      0    2 8:8:2:0           是 4500.0000 800.0000 3500.0000
  3    0      0    3 12:12:3:0         是 4500.0000 800.0000  800.0000
  4    0      0    4 16:16:4:0         是 4500.0000 800.0000 3500.0349
  5    0      0    5 20:20:5:0         是 4500.0000 800.0000 3500.0000
  6    0      0    6 24:24:6:0         是 3100.0000 800.0000 2799.9661
  7    0      0    7 25:25:6:0         是 3100.0000 800.0000 2799.9460
  8    0      0    8 26:26:6:0         是 3100.0000 800.0000 2800.0061
  9    0      0    9 27:27:6:0         是 3100.0000 800.0000 2799.9399
 10    0      0   10 28:28:7:0         是 3100.0000 800.0000 2800.0149
 11    0      0   11 29:29:7:0         是 3100.0000 800.0000 2799.9900
 12    0      0   12 30:30:7:0         是 3100.0000 800.0000 2799.9839
 13    0      0   13 31:31:7:0         是 3100.0000 800.0000 2800.0591

==================== 2026-09-08 16:23:23 ====================
--- Thermal Temps (mC) ---
/sys/devices/virtual/thermal/thermal_zone0/temp: 51400
/sys/devices/virtual/thermal/thermal_zone1/temp: 52000
--- lscpu -e ---
CPU NODE SOCKET CORE L1d:L1i:L2:L3 ONLINE    MAXMHZ   MINMHZ       MHZ
  0    0      0    0 0:0:0:0           是 4500.0000 800.0000 3499.9641
  1    0      0    1 4:4:1:0           是 4500.0000 800.0000 3500.0000
  2    0      0    2 8:8:2:0           是 4500.0000 800.0000 3500.0000
  3    0      0    3 12:12:3:0         是 4500.0000 800.0000  800.0000
  4    0      0    4 16:16:4:0         是 4500.0000 800.0000 3500.0000
  5    0      0    5 20:20:5:0         是 4500.0000 800.0000 3500.0000
  6    0      0    6 24:24:6:0         是 3100.0000 800.0000 2799.9260
  7    0      0    7 25:25:6:0         是 3100.0000 800.0000 2799.9980
  8    0      0    8 26:26:6:0         是 3100.0000 800.0000 2800.0100
  9    0      0    9 27:27:6:0         是 3100.0000 800.0000 2800.0120
 10    0      0   10 28:28:7:0         是 3100.0000 800.0000 2799.9871
 11    0      0   11 29:29:7:0         是 3100.0000 800.0000 2799.9260
 12    0      0   12 30:30:7:0         是 3100.0000 800.0000 2799.9441
 13    0      0   13 31:31:7:0         是 3100.0000 800.0000 2799.9800

==================== 2026-09-08 16:23:24 ====================
--- Thermal Temps (mC) ---
/sys/devices/virtual/thermal/thermal_zone0/temp: 51300
/sys/devices/virtual/thermal/thermal_zone1/temp: 51000
--- lscpu -e ---
CPU NODE SOCKET CORE L1d:L1i:L2:L3 ONLINE    MAXMHZ   MINMHZ       MHZ
  0    0      0    0 0:0:0:0           是 4500.0000 800.0000 3499.9641
  1    0      0    1 4:4:1:0           是 4500.0000 800.0000 3500.0000
  2    0      0    2 8:8:2:0           是 4500.0000 800.0000 3500.0000
  3    0      0    3 12:12:3:0         是 4500.0000 800.0000  800.0000
  4    0      0    4 16:16:4:0         是 4500.0000 800.0000 3500.0000
  5    0      0    5 20:20:5:0         是 4500.0000 800.0000 3500.0000
  6    0      0    6 24:24:6:0         是 3100.0000 800.0000 2800.0010
  7    0      0    7 25:25:6:0         是 3100.0000 800.0000 2799.9399
  8    0      0    8 26:26:6:0         是 3100.0000 800.0000 2800.0239
  9    0      0    9 27:27:6:0         是 3100.0000 800.0000 2799.9180
 10    0      0   10 28:28:7:0         是 3100.0000 800.0000 2799.9629
 11    0      0   11 29:29:7:0         是 3100.0000 800.0000 2800.0400
 12    0      0   12 30:30:7:0         是 3100.0000 800.0000 2800.0110
 13    0      0   13 31:31:7:0         是 3100.0000 800.0000 2800.0779

==================== 2026-09-08 16:23:25 ====================
--- Thermal Temps (mC) ---
/sys/devices/virtual/thermal/thermal_zone0/temp: 51400
/sys/devices/virtual/thermal/thermal_zone1/temp: 51000
--- lscpu -e ---
CPU NODE SOCKET CORE L1d:L1i:L2:L3 ONLINE    MAXMHZ   MINMHZ       MHZ
  0    0      0    0 0:0:0:0           是 4500.0000 800.0000 3500.0349
  1    0      0    1 4:4:1:0           是 4500.0000 800.0000 3500.0000
  2    0      0    2 8:8:2:0           是 4500.0000 800.0000 3500.0000
  3    0      0    3 12:12:3:0         是 4500.0000 800.0000  800.0000
  4    0      0    4 16:16:4:0         是 4500.0000 800.0000 3500.0349
  5    0      0    5 20:20:5:0         是 4500.0000 800.0000 3500.0349
  6    0      0    6 24:24:6:0         是 3100.0000 800.0000 2799.9961
  7    0      0    7 25:25:6:0         是 3100.0000 800.0000 2800.0090
  8    0      0    8 26:26:6:0         是 3100.0000 800.0000 2799.9729
  9    0      0    9 27:27:6:0         是 3100.0000 800.0000 2799.9810
 10    0      0   10 28:28:7:0         是 3100.0000 800.0000 2799.9441
 11    0      0   11 29:29:7:0         是 3100.0000 800.0000 2799.9551
 12    0      0   12 30:30:7:0         是 3100.0000 800.0000 2800.0029
 13    0      0   13 31:31:7:0         是 3100.0000 800.0000 2800.0730

==================== 2026-09-08 16:23:26 ====================
--- Thermal Temps (mC) ---
/sys/devices/virtual/thermal/thermal_zone0/temp: 51000
/sys/devices/virtual/thermal/thermal_zone1/temp: 51000
--- lscpu -e ---
CPU NODE SOCKET CORE L1d:L1i:L2:L3 ONLINE    MAXMHZ   MINMHZ       MHZ
  0    0      0    0 0:0:0:0           是 4500.0000 800.0000 3500.0000
  1    0      0    1 4:4:1:0           是 4500.0000 800.0000 3500.0000
  2    0      0    2 8:8:2:0           是 4500.0000 800.0000 3500.0349
  3    0      0    3 12:12:3:0         是 4500.0000 800.0000  800.0000
  4    0      0    4 16:16:4:0         是 4500.0000 800.0000 3500.0000
  5    0      0    5 20:20:5:0         是 4500.0000 800.0000 3500.0000
  6    0      0    6 24:24:6:0         是 3100.0000 800.0000 2799.9561
  7    0      0    7 25:25:6:0         是 3100.0000 800.0000 2799.9871
  8    0      0    8 26:26:6:0         是 3100.0000 800.0000 2799.9851
  9    0      0    9 27:27:6:0         是 3100.0000 800.0000 2800.0659
 10    0      0   10 28:28:7:0         是 3100.0000 800.0000 2799.9231
 11    0      0   11 29:29:7:0         是 3100.0000 800.0000 2799.9951
 12    0      0   12 30:30:7:0         是 3100.0000 800.0000 2799.9971
 13    0      0   13 31:31:7:0         是 3100.0000 800.0000 2799.9431

==================== 2026-09-08 16:23:27 ====================
--- Thermal Temps (mC) ---
/sys/devices/virtual/thermal/thermal_zone0/temp: 52100
/sys/devices/virtual/thermal/thermal_zone1/temp: 53000
--- lscpu -e ---
CPU NODE SOCKET CORE L1d:L1i:L2:L3 ONLINE    MAXMHZ   MINMHZ       MHZ
  0    0      0    0 0:0:0:0           是 4500.0000 800.0000 3500.0000
  1    0      0    1 4:4:1:0           是 4500.0000 800.0000 3499.9641
  2    0      0    2 8:8:2:0           是 4500.0000 800.0000 3500.0000
  3    0      0    3 12:12:3:0         是 4500.0000 800.0000  800.0000
  4    0      0    4 16:16:4:0         是 4500.0000 800.0000 3500.0000
  5    0      0    5 20:20:5:0         是 4500.0000 800.0000 3500.0000
  6    0      0    6 24:24:6:0         是 3100.0000 800.0000 2799.9929
  7    0      0    7 25:25:6:0         是 3100.0000 800.0000 2799.9370
  8    0      0    8 26:26:6:0         是 3100.0000 800.0000 2800.0149
  9    0      0    9 27:27:6:0         是 3100.0000 800.0000 2799.9241
 10    0      0   10 28:28:7:0         是 3100.0000 800.0000 2799.9490
 11    0      0   11 29:29:7:0         是 3100.0000 800.0000 2799.9641
 12    0      0   12 30:30:7:0         是 3100.0000 800.0000 2800.0330
 13    0      0   13 31:31:7:0         是 3100.0000 800.0000 2800.0669

==================== 2026-09-08 16:23:28 ====================
--- Thermal Temps (mC) ---
/sys/devices/virtual/thermal/thermal_zone0/temp: 51600
/sys/devices/virtual/thermal/thermal_zone1/temp: 50000
--- lscpu -e ---
CPU NODE SOCKET CORE L1d:L1i:L2:L3 ONLINE    MAXMHZ   MINMHZ       MHZ
  0    0      0    0 0:0:0:0           是 4500.0000 800.0000 3499.9641
  1    0      0    1 4:4:1:0           是 4500.0000 800.0000 3331.7200
  2    0      0    2 8:8:2:0           是 4500.0000 800.0000 3474.5979
  3    0      0    3 12:12:3:0         是 4500.0000 800.0000  800.0000
  4    0      0    4 16:16:4:0         是 4500.0000 800.0000 3466.6509
  5    0      0    5 20:20:5:0         是 4500.0000 800.0000 3466.5239
  6    0      0    6 24:24:6:0         是 3100.0000 800.0000 2785.3350
  7    0      0    7 25:25:6:0         是 3100.0000 800.0000 2800.0010
  8    0      0    8 26:26:6:0         是 3100.0000 800.0000 2799.9070
  9    0      0    9 27:27:6:0         是 3100.0000 800.0000 2799.9829
 10    0      0   10 28:28:7:0         是 3100.0000 800.0000 2799.9460
 11    0      0   11 29:29:7:0         是 3100.0000 800.0000 2799.9050
 12    0      0   12 30:30:7:0         是 3100.0000 800.0000 2800.0229
 13    0      0   13 31:31:7:0         是 3100.0000 800.0000 2799.9880

==================== 2026-09-08 16:23:29 ====================
--- Thermal Temps (mC) ---
/sys/devices/virtual/thermal/thermal_zone0/temp: 52000
/sys/devices/virtual/thermal/thermal_zone1/temp: 53000
--- lscpu -e ---
CPU NODE SOCKET CORE L1d:L1i:L2:L3 ONLINE    MAXMHZ   MINMHZ       MHZ
  0    0      0    0 0:0:0:0           是 4500.0000 800.0000 3476.4221
  1    0      0    1 4:4:1:0           是 4500.0000 800.0000 3476.2090
  2    0      0    2 8:8:2:0           是 4500.0000 800.0000 3500.0000
  3    0      0    3 12:12:3:0         是 4500.0000 800.0000  800.0000
  4    0      0    4 16:16:4:0         是 4500.0000 800.0000 3500.0000
  5    0      0    5 20:20:5:0         是 4500.0000 800.0000 3500.0000
  6    0      0    6 24:24:6:0         是 3100.0000 800.0000 2800.0710
  7    0      0    7 25:25:6:0         是 3100.0000 800.0000 2799.9460
  8    0      0    8 26:26:6:0         是 3100.0000 800.0000 2800.0000
  9    0      0    9 27:27:6:0         是 3100.0000 800.0000 2800.0029
 10    0      0   10 28:28:7:0         是 3100.0000 800.0000 2800.0371
 11    0      0   11 29:29:7:0         是 3100.0000 800.0000 2799.9880
 12    0      0   12 30:30:7:0         是 3100.0000 800.0000 2800.0161
 13    0      0   13 31:31:7:0         是 3100.0000 800.0000 2771.3250

==================== 2026-09-08 16:23:30 ====================
--- Thermal Temps (mC) ---
/sys/devices/virtual/thermal/thermal_zone0/temp: 52000
/sys/devices/virtual/thermal/thermal_zone1/temp: 50000
--- lscpu -e ---
CPU NODE SOCKET CORE L1d:L1i:L2:L3 ONLINE    MAXMHZ   MINMHZ       MHZ
  0    0      0    0 0:0:0:0           是 4500.0000 800.0000 3500.0349
  1    0      0    1 4:4:1:0           是 4500.0000 800.0000 3500.0000
  2    0      0    2 8:8:2:0           是 4500.0000 800.0000 3500.0349
  3    0      0    3 12:12:3:0         是 4500.0000 800.0000  800.0000
  4    0      0    4 16:16:4:0         是 4500.0000 800.0000 3438.8960
  5    0      0    5 20:20:5:0         是 4500.0000 800.0000 3438.9009
  6    0      0    6 24:24:6:0         是 3100.0000 800.0000 2770.9819
  7    0      0    7 25:25:6:0         是 3100.0000 800.0000 2770.9929
  8    0      0    8 26:26:6:0         是 3100.0000 800.0000 2770.8899
  9    0      0    9 27:27:6:0         是 3100.0000 800.0000 2770.9451
 10    0      0   10 28:28:7:0         是 3100.0000 800.0000 2799.9851
 11    0      0   11 29:29:7:0         是 3100.0000 800.0000 2799.9709
 12    0      0   12 30:30:7:0         是 3100.0000 800.0000 2800.0420
 13    0      0   13 31:31:7:0         是 3100.0000 800.0000 2800.0381

==================== 2026-09-08 16:23:31 ====================
--- Thermal Temps (mC) ---
/sys/devices/virtual/thermal/thermal_zone0/temp: 51500
/sys/devices/virtual/thermal/thermal_zone1/temp: 52000
--- lscpu -e ---
CPU NODE SOCKET CORE L1d:L1i:L2:L3 ONLINE    MAXMHZ   MINMHZ       MHZ
  0    0      0    0 0:0:0:0           是 4500.0000 800.0000 3438.8669
  1    0      0    1 4:4:1:0           是 4500.0000 800.0000 3499.9641
  2    0      0    2 8:8:2:0           是 4500.0000 800.0000 3499.9641
  3    0      0    3 12:12:3:0         是 4500.0000 800.0000  800.0000
  4    0      0    4 16:16:4:0         是 4500.0000 800.0000 3500.0000
  5    0      0    5 20:20:5:0         是 4500.0000 800.0000 3500.0349
  6    0      0    6 24:24:6:0         是 3100.0000 800.0000 2800.0459
  7    0      0    7 25:25:6:0         是 3100.0000 800.0000 2800.0000
  8    0      0    8 26:26:6:0         是 3100.0000 800.0000 2799.9700
  9    0      0    9 27:27:6:0         是 3100.0000 800.0000 2800.0061
 10    0      0   10 28:28:7:0         是 3100.0000 800.0000 2799.9661
 11    0      0   11 29:29:7:0         是 3100.0000 800.0000 2770.8921
 12    0      0   12 30:30:7:0         是 3100.0000 800.0000 2770.9751
 13    0      0   13 31:31:7:0         是 3100.0000 800.0000 2770.8630

==================== 2026-09-08 16:23:32 ====================
--- Thermal Temps (mC) ---
/sys/devices/virtual/thermal/thermal_zone0/temp: 51800
/sys/devices/virtual/thermal/thermal_zone1/temp: 53000
--- lscpu -e ---
CPU NODE SOCKET CORE L1d:L1i:L2:L3 ONLINE    MAXMHZ   MINMHZ       MHZ
  0    0      0    0 0:0:0:0           是 4500.0000 800.0000 3439.1340
  1    0      0    1 4:4:1:0           是 4500.0000 800.0000 3439.1621
  2    0      0    2 8:8:2:0           是 4500.0000 800.0000 3439.1340
  3    0      0    3 12:12:3:0         是 4500.0000 800.0000  800.0000
  4    0      0    4 16:16:4:0         是 4500.0000 800.0000 3463.7339
  5    0      0    5 20:20:5:0         是 4500.0000 800.0000 3463.7471
  6    0      0    6 24:24:6:0         是 3100.0000 800.0000 2799.9370
  7    0      0    7 25:25:6:0         是 3100.0000 800.0000 2799.8999
  8    0      0    8 26:26:6:0         是 3100.0000 800.0000 2799.9971
  9    0      0    9 27:27:6:0         是 3100.0000 800.0000 2753.6150
 10    0      0   10 28:28:7:0         是 3100.0000 800.0000 2753.6860
 11    0      0   11 29:29:7:0         是 3100.0000 800.0000 2753.5991
 12    0      0   12 30:30:7:0         是 3100.0000 800.0000 2753.5940
 13    0      0   13 31:31:7:0         是 3100.0000 800.0000 2753.4070

==================== 2026-09-08 16:23:34 ====================
--- Thermal Temps (mC) ---
/sys/devices/virtual/thermal/thermal_zone0/temp: 51500
/sys/devices/virtual/thermal/thermal_zone1/temp: 52000
--- lscpu -e ---
CPU NODE SOCKET CORE L1d:L1i:L2:L3 ONLINE    MAXMHZ   MINMHZ       MHZ
  0    0      0    0 0:0:0:0           是 4500.0000 800.0000 3499.9641
  1    0      0    1 4:4:1:0           是 4500.0000 800.0000 3500.0000
  2    0      0    2 8:8:2:0           是 4500.0000 800.0000 3468.4050
  3    0      0    3 12:12:3:0         是 4500.0000 800.0000  800.0000
  4    0      0    4 16:16:4:0         是 4500.0000 800.0000 3468.3779
  5    0      0    5 20:20:5:0         是 4500.0000 800.0000 3468.4331
  6    0      0    6 24:24:6:0         是 3100.0000 800.0000 2800.0520
  7    0      0    7 25:25:6:0         是 3100.0000 800.0000 2800.0830
  8    0      0    8 26:26:6:0         是 3100.0000 800.0000 2800.0000
  9    0      0    9 27:27:6:0         是 3100.0000 800.0000 2800.0449
 10    0      0   10 28:28:7:0         是 3100.0000 800.0000 2800.0330
 11    0      0   11 29:29:7:0         是 3100.0000 800.0000 2799.9619
 12    0      0   12 30:30:7:0         是 3100.0000 800.0000 2799.9980
 13    0      0   13 31:31:7:0         是 3100.0000 800.0000 2799.9170

==================== 2026-09-08 16:23:35 ====================
--- Thermal Temps (mC) ---
/sys/devices/virtual/thermal/thermal_zone0/temp: 51600
/sys/devices/virtual/thermal/thermal_zone1/temp: 52000
--- lscpu -e ---
CPU NODE SOCKET CORE L1d:L1i:L2:L3 ONLINE    MAXMHZ   MINMHZ       MHZ
  0    0      0    0 0:0:0:0           是 4500.0000 800.0000 3499.9641
  1    0      0    1 4:4:1:0           是 4500.0000 800.0000 3500.0349
  2    0      0    2 8:8:2:0           是 4500.0000 800.0000 3439.5569
  3    0      0    3 12:12:3:0         是 4500.0000 800.0000  800.0000
  4    0      0    4 16:16:4:0         是 4500.0000 800.0000 3500.0000
  5    0      0    5 20:20:5:0         是 4500.0000 800.0000 3382.5969
  6    0      0    6 24:24:6:0         是 3100.0000 800.0000 2770.8779
  7    0      0    7 25:25:6:0         是 3100.0000 800.0000 2800.0000
  8    0      0    8 26:26:6:0         是 3100.0000 800.0000 2792.5020
  9    0      0    9 27:27:6:0         是 3100.0000 800.0000 2792.3181
 10    0      0   10 28:28:7:0         是 3100.0000 800.0000 2762.7529
 11    0      0   11 29:29:7:0         是 3100.0000 800.0000 2799.9089
 12    0      0   12 30:30:7:0         是 3100.0000 800.0000 2800.0759
 13    0      0   13 31:31:7:0         是 3100.0000 800.0000 2800.0911

==================== 2026-09-08 16:23:36 ====================
--- Thermal Temps (mC) ---
/sys/devices/virtual/thermal/thermal_zone0/temp: 51400
/sys/devices/virtual/thermal/thermal_zone1/temp: 50000
--- lscpu -e ---
CPU NODE SOCKET CORE L1d:L1i:L2:L3 ONLINE    MAXMHZ   MINMHZ       MHZ
  0    0      0    0 0:0:0:0           是 4500.0000 800.0000 3368.1531
  1    0      0    1 4:4:1:0           是 4500.0000 800.0000 3419.5000
  2    0      0    2 8:8:2:0           是 4500.0000 800.0000 3500.0349
  3    0      0    3 12:12:3:0         是 4500.0000 800.0000  800.0000
  4    0      0    4 16:16:4:0         是 4500.0000 800.0000 3500.0000
  5    0      0    5 20:20:5:0         是 4500.0000 800.0000 3500.0349
  6    0      0    6 24:24:6:0         是 3100.0000 800.0000 2799.9951
  7    0      0    7 25:25:6:0         是 3100.0000 800.0000 2799.9270
  8    0      0    8 26:26:6:0         是 3100.0000 800.0000 2800.0779
  9    0      0    9 27:27:6:0         是 3100.0000 800.0000 2799.9451
 10    0      0   10 28:28:7:0         是 3100.0000 800.0000 2799.9431
 11    0      0   11 29:29:7:0         是 3100.0000 800.0000 2800.0110
 12    0      0   12 30:30:7:0         是 3100.0000 800.0000 2799.9299
 13    0      0   13 31:31:7:0         是 3100.0000 800.0000 2800.0071

==================== 2026-09-08 16:23:37 ====================
--- Thermal Temps (mC) ---
/sys/devices/virtual/thermal/thermal_zone0/temp: 51500
/sys/devices/virtual/thermal/thermal_zone1/temp: 51000
--- lscpu -e ---
CPU NODE SOCKET CORE L1d:L1i:L2:L3 ONLINE    MAXMHZ   MINMHZ       MHZ
  0    0      0    0 0:0:0:0           是 4500.0000 800.0000 3499.8589
  1    0      0    1 4:4:1:0           是 4500.0000 800.0000 3500.0000
  2    0      0    2 8:8:2:0           是 4500.0000 800.0000 3500.0349
  3    0      0    3 12:12:3:0         是 4500.0000 800.0000  800.0000
  4    0      0    4 16:16:4:0         是 4500.0000 800.0000 3420.4741
  5    0      0    5 20:20:5:0         是 4500.0000 800.0000 3420.4341
  6    0      0    6 24:24:6:0         是 3100.0000 800.0000 2799.9961
  7    0      0    7 25:25:6:0         是 3100.0000 800.0000 2800.1570
  8    0      0    8 26:26:6:0         是 3100.0000 800.0000 2800.0959
  9    0      0    9 27:27:6:0         是 3100.0000 800.0000 2766.5149
 10    0      0   10 28:28:7:0         是 3100.0000 800.0000 2766.4570
 11    0      0   11 29:29:7:0         是 3100.0000 800.0000 2766.5330
 12    0      0   12 30:30:7:0         是 3100.0000 800.0000 2766.5640
 13    0      0   13 31:31:7:0         是 3100.0000 800.0000 2766.5491

==================== 2026-09-08 16:23:38 ====================
--- Thermal Temps (mC) ---
/sys/devices/virtual/thermal/thermal_zone0/temp: 51300
/sys/devices/virtual/thermal/thermal_zone1/temp: 52000
--- lscpu -e ---
CPU NODE SOCKET CORE L1d:L1i:L2:L3 ONLINE    MAXMHZ   MINMHZ       MHZ
  0    0      0    0 0:0:0:0           是 4500.0000 800.0000 3424.1980
  1    0      0    1 4:4:1:0           是 4500.0000 800.0000 3269.5010
  2    0      0    2 8:8:2:0           是 4500.0000 800.0000 3424.3069
  3    0      0    3 12:12:3:0         是 4500.0000 800.0000  800.0000
  4    0      0    4 16:16:4:0         是 4500.0000 800.0000 3424.3220
  5    0      0    5 20:20:5:0         是 4500.0000 800.0000 3444.1909
  6    0      0    6 24:24:6:0         是 3100.0000 800.0000 2774.6470
  7    0      0    7 25:25:6:0         是 3100.0000 800.0000 2774.6440
  8    0      0    8 26:26:6:0         是 3100.0000 800.0000 2774.5891
  9    0      0    9 27:27:6:0         是 3100.0000 800.0000 2774.5620
 10    0      0   10 28:28:7:0         是 3100.0000 800.0000 2774.6121
 11    0      0   11 29:29:7:0         是 3100.0000 800.0000 2800.0129
 12    0      0   12 30:30:7:0         是 3100.0000 800.0000 2799.9729
 13    0      0   13 31:31:7:0         是 3100.0000 800.0000 2800.0759

==================== 2026-09-08 16:23:39 ====================
--- Thermal Temps (mC) ---
/sys/devices/virtual/thermal/thermal_zone0/temp: 51600
/sys/devices/virtual/thermal/thermal_zone1/temp: 52000
--- lscpu -e ---
CPU NODE SOCKET CORE L1d:L1i:L2:L3 ONLINE    MAXMHZ   MINMHZ       MHZ
  0    0      0    0 0:0:0:0           是 4500.0000 800.0000 3500.0000
  1    0      0    1 4:4:1:0           是 4500.0000 800.0000 3500.0000
  2    0      0    2 8:8:2:0           是 4500.0000 800.0000 3439.7141
  3    0      0    3 12:12:3:0         是 4500.0000 800.0000  800.0000
  4    0      0    4 16:16:4:0         是 4500.0000 800.0000 3439.6421
  5    0      0    5 20:20:5:0         是 4500.0000 800.0000 3439.5901
  6    0      0    6 24:24:6:0         是 3100.0000 800.0000 2771.4109
  7    0      0    7 25:25:6:0         是 3100.0000 800.0000 2800.0071
  8    0      0    8 26:26:6:0         是 3100.0000 800.0000 2800.0010
  9    0      0    9 27:27:6:0         是 3100.0000 800.0000 2800.0029
 10    0      0   10 28:28:7:0         是 3100.0000 800.0000 2800.0459
 11    0      0   11 29:29:7:0         是 3100.0000 800.0000 2799.9509
 12    0      0   12 30:30:7:0         是 3100.0000 800.0000 2796.7690
 13    0      0   13 31:31:7:0         是 3100.0000 800.0000 2796.6890

==================== 2026-09-08 16:23:40 ====================
--- Thermal Temps (mC) ---
/sys/devices/virtual/thermal/thermal_zone0/temp: 51700
/sys/devices/virtual/thermal/thermal_zone1/temp: 51000
--- lscpu -e ---
CPU NODE SOCKET CORE L1d:L1i:L2:L3 ONLINE    MAXMHZ   MINMHZ       MHZ
  0    0      0    0 0:0:0:0           是 4500.0000 800.0000 3499.9641
  1    0      0    1 4:4:1:0           是 4500.0000 800.0000 3499.9641
  2    0      0    2 8:8:2:0           是 4500.0000 800.0000 3500.0349
  3    0      0    3 12:12:3:0         是 4500.0000 800.0000  800.0000
  4    0      0    4 16:16:4:0         是 4500.0000 800.0000 3500.0000
  5    0      0    5 20:20:5:0         是 4500.0000 800.0000 3500.0000
  6    0      0    6 24:24:6:0         是 3100.0000 800.0000 2799.9800
  7    0      0    7 25:25:6:0         是 3100.0000 800.0000 2799.9761
  8    0      0    8 26:26:6:0         是 3100.0000 800.0000 2799.9380
  9    0      0    9 27:27:6:0         是 3100.0000 800.0000 2800.0510
 10    0      0   10 28:28:7:0         是 3100.0000 800.0000 2800.0391
 11    0      0   11 29:29:7:0         是 3100.0000 800.0000 2816.8330
 12    0      0   12 30:30:7:0         是 3100.0000 800.0000 2816.9041
 13    0      0   13 31:31:7:0         是 3100.0000 800.0000 2816.9041

==================== 2026-09-08 16:23:41 ====================
--- Thermal Temps (mC) ---
/sys/devices/virtual/thermal/thermal_zone0/temp: 51600
/sys/devices/virtual/thermal/thermal_zone1/temp: 51000
--- lscpu -e ---
CPU NODE SOCKET CORE L1d:L1i:L2:L3 ONLINE    MAXMHZ   MINMHZ       MHZ
  0    0      0    0 0:0:0:0           是 4500.0000 800.0000 3146.5620
  1    0      0    1 4:4:1:0           是 4500.0000 800.0000 3147.1250
  2    0      0    2 8:8:2:0           是 4500.0000 800.0000 3264.1411
  3    0      0    3 12:12:3:0         是 4500.0000 800.0000  800.0000
  4    0      0    4 16:16:4:0         是 4500.0000 800.0000 3426.8721
  5    0      0    5 20:20:5:0         是 4500.0000 800.0000 3500.0000
  6    0      0    6 24:24:6:0         是 3100.0000 800.0000 2799.9021
  7    0      0    7 25:25:6:0         是 3100.0000 800.0000 2799.9871
  8    0      0    8 26:26:6:0         是 3100.0000 800.0000 2799.9871
  9    0      0    9 27:27:6:0         是 3100.0000 800.0000 2678.5500
 10    0      0   10 28:28:7:0         是 3100.0000 800.0000 2678.5811
 11    0      0   11 29:29:7:0         是 3100.0000 800.0000 2734.6079
 12    0      0   12 30:30:7:0         是 3100.0000 800.0000 2734.6689
 13    0      0   13 31:31:7:0         是 3100.0000 800.0000 2734.6121

==================== 2026-09-08 16:23:42 ====================
--- Thermal Temps (mC) ---
/sys/devices/virtual/thermal/thermal_zone0/temp: 52400
/sys/devices/virtual/thermal/thermal_zone1/temp: 51000
--- lscpu -e ---
CPU NODE SOCKET CORE L1d:L1i:L2:L3 ONLINE    MAXMHZ   MINMHZ       MHZ
  0    0      0    0 0:0:0:0           是 4500.0000 800.0000 3500.0000
  1    0      0    1 4:4:1:0           是 4500.0000 800.0000 3500.0349
  2    0      0    2 8:8:2:0           是 4500.0000 800.0000 3500.0000
  3    0      0    3 12:12:3:0         是 4500.0000 800.0000  800.0000
  4    0      0    4 16:16:4:0         是 4500.0000 800.0000 3500.0000
  5    0      0    5 20:20:5:0         是 4500.0000 800.0000 3500.0000
  6    0      0    6 24:24:6:0         是 3100.0000 800.0000 2799.9150
  7    0      0    7 25:25:6:0         是 3100.0000 800.0000 2800.0339
  8    0      0    8 26:26:6:0         是 3100.0000 800.0000 2799.9900
  9    0      0    9 27:27:6:0         是 3100.0000 800.0000 2800.0701
 10    0      0   10 28:28:7:0         是 3100.0000 800.0000 2799.9661
 11    0      0   11 29:29:7:0         是 3100.0000 800.0000 2800.0640
 12    0      0   12 30:30:7:0         是 3100.0000 800.0000 2799.9810
 13    0      0   13 31:31:7:0         是 3100.0000 800.0000 2800.0281

==================== 2026-09-08 16:23:43 ====================
--- Thermal Temps (mC) ---
/sys/devices/virtual/thermal/thermal_zone0/temp: 52100
/sys/devices/virtual/thermal/thermal_zone1/temp: 52000
--- lscpu -e ---
CPU NODE SOCKET CORE L1d:L1i:L2:L3 ONLINE    MAXMHZ   MINMHZ       MHZ
  0    0      0    0 0:0:0:0           是 4500.0000 800.0000 3421.9331
  1    0      0    1 4:4:1:0           是 4500.0000 800.0000 3422.0491
  2    0      0    2 8:8:2:0           是 4500.0000 800.0000 3400.0000
  3    0      0    3 12:12:3:0         是 4500.0000 800.0000  800.0000
  4    0      0    4 16:16:4:0         是 4500.0000 800.0000 3422.6470
  5    0      0    5 20:20:5:0         是 4500.0000 800.0000 3422.6980
  6    0      0    6 24:24:6:0         是 3100.0000 800.0000 2799.9290
  7    0      0    7 25:25:6:0         是 3100.0000 800.0000 2799.9900
  8    0      0    8 26:26:6:0         是 3100.0000 800.0000 2800.0701
  9    0      0    9 27:27:6:0         是 3100.0000 800.0000 2800.0581
 10    0      0   10 28:28:7:0         是 3100.0000 800.0000 2799.9431
 11    0      0   11 29:29:7:0         是 3100.0000 800.0000 2800.0339
 12    0      0   12 30:30:7:0         是 3100.0000 800.0000 2799.9661
 13    0      0   13 31:31:7:0         是 3100.0000 800.0000 2800.0349

==================== 2026-09-08 16:23:44 ====================
--- Thermal Temps (mC) ---
/sys/devices/virtual/thermal/thermal_zone0/temp: 52900
/sys/devices/virtual/thermal/thermal_zone1/temp: 53000
--- lscpu -e ---
CPU NODE SOCKET CORE L1d:L1i:L2:L3 ONLINE    MAXMHZ   MINMHZ       MHZ
  0    0      0    0 0:0:0:0           是 4500.0000 800.0000 3500.0000
  1    0      0    1 4:4:1:0           是 4500.0000 800.0000 3500.0349
  2    0      0    2 8:8:2:0           是 4500.0000 800.0000 3500.0000
  3    0      0    3 12:12:3:0         是 4500.0000 800.0000  800.0000
  4    0      0    4 16:16:4:0         是 4500.0000 800.0000 3499.9641
  5    0      0    5 20:20:5:0         是 4500.0000 800.0000 3500.0000
  6    0      0    6 24:24:6:0         是 3100.0000 800.0000 2799.9771
  7    0      0    7 25:25:6:0         是 3100.0000 800.0000 2800.0181
  8    0      0    8 26:26:6:0         是 3100.0000 800.0000 2800.0869
  9    0      0    9 27:27:6:0         是 3100.0000 800.0000 2800.0010
 10    0      0   10 28:28:7:0         是 3100.0000 800.0000 2799.9209
 11    0      0   11 29:29:7:0         是 3100.0000 800.0000 2800.0310
 12    0      0   12 30:30:7:0         是 3100.0000 800.0000 2799.9380
 13    0      0   13 31:31:7:0         是 3100.0000 800.0000 2800.0271

==================== 2026-09-08 16:23:45 ====================
--- Thermal Temps (mC) ---
/sys/devices/virtual/thermal/thermal_zone0/temp: 53100
/sys/devices/virtual/thermal/thermal_zone1/temp: 51000
--- lscpu -e ---
CPU NODE SOCKET CORE L1d:L1i:L2:L3 ONLINE    MAXMHZ   MINMHZ       MHZ
  0    0      0    0 0:0:0:0           是 4500.0000 800.0000 3500.0349
  1    0      0    1 4:4:1:0           是 4500.0000 800.0000 3500.0000
  2    0      0    2 8:8:2:0           是 4500.0000 800.0000 3500.0000
  3    0      0    3 12:12:3:0         是 4500.0000 800.0000  800.0000
  4    0      0    4 16:16:4:0         是 4500.0000 800.0000 3500.0000
  5    0      0    5 20:20:5:0         是 4500.0000 800.0000 3500.0000
  6    0      0    6 24:24:6:0         是 3100.0000 800.0000 2800.0371
  7    0      0    7 25:25:6:0         是 3100.0000 800.0000 2800.0779
  8    0      0    8 26:26:6:0         是 3100.0000 800.0000 2799.9360
  9    0      0    9 27:27:6:0         是 3100.0000 800.0000 2799.9431
 10    0      0   10 28:28:7:0         是 3100.0000 800.0000 2799.9980
 11    0      0   11 29:29:7:0         是 3100.0000 800.0000 2800.0991
 12    0      0   12 30:30:7:0         是 3100.0000 800.0000 2799.9441
 13    0      0   13 31:31:7:0         是 3100.0000 800.0000 2800.0220

==================== 2026-09-08 16:23:46 ====================
--- Thermal Temps (mC) ---
/sys/devices/virtual/thermal/thermal_zone0/temp: 52100
/sys/devices/virtual/thermal/thermal_zone1/temp: 52000
--- lscpu -e ---
CPU NODE SOCKET CORE L1d:L1i:L2:L3 ONLINE    MAXMHZ   MINMHZ       MHZ
  0    0      0    0 0:0:0:0           是 4500.0000 800.0000 3519.9160
  1    0      0    1 4:4:1:0           是 4500.0000 800.0000 3413.6321
  2    0      0    2 8:8:2:0           是 4500.0000 800.0000 3500.0349
  3    0      0    3 12:12:3:0         是 4500.0000 800.0000  800.0000
  4    0      0    4 16:16:4:0         是 4500.0000 800.0000 3500.0000
  5    0      0    5 20:20:5:0         是 4500.0000 800.0000 3500.0000
  6    0      0    6 24:24:6:0         是 3100.0000 800.0000 2799.9480
  7    0      0    7 25:25:6:0         是 3100.0000 800.0000 2800.0500
  8    0      0    8 26:26:6:0         是 3100.0000 800.0000 2800.0139
  9    0      0    9 27:27:6:0         是 3100.0000 800.0000 2799.9641
 10    0      0   10 28:28:7:0         是 3100.0000 800.0000 2799.9089
 11    0      0   11 29:29:7:0         是 3100.0000 800.0000 2800.0000
 12    0      0   12 30:30:7:0         是 3100.0000 800.0000 2799.9480
 13    0      0   13 31:31:7:0         是 3100.0000 800.0000 2799.9409

==================== 2026-09-08 16:23:47 ====================
--- Thermal Temps (mC) ---
/sys/devices/virtual/thermal/thermal_zone0/temp: 52200
/sys/devices/virtual/thermal/thermal_zone1/temp: 52000
--- lscpu -e ---
CPU NODE SOCKET CORE L1d:L1i:L2:L3 ONLINE    MAXMHZ   MINMHZ       MHZ
  0    0      0    0 0:0:0:0           是 4500.0000 800.0000 3500.1050
  1    0      0    1 4:4:1:0           是 4500.0000 800.0000 3500.0000
  2    0      0    2 8:8:2:0           是 4500.0000 800.0000 3500.0349
  3    0      0    3 12:12:3:0         是 4500.0000 800.0000  800.0000
  4    0      0    4 16:16:4:0         是 4500.0000 800.0000 3499.9641
  5    0      0    5 20:20:5:0         是 4500.0000 800.0000 3500.0000
  6    0      0    6 24:24:6:0         是 3100.0000 800.0000 2800.0720
  7    0      0    7 25:25:6:0         是 3100.0000 800.0000 2800.0459
  8    0      0    8 26:26:6:0         是 3100.0000 800.0000 2799.9851
  9    0      0    9 27:27:6:0         是 3100.0000 800.0000 2800.0300
 10    0      0   10 28:28:7:0         是 3100.0000 800.0000 2799.9741
 11    0      0   11 29:29:7:0         是 3100.0000 800.0000 2799.9839
 12    0      0   12 30:30:7:0         是 3100.0000 800.0000 2800.0759
 13    0      0   13 31:31:7:0         是 3100.0000 800.0000 2800.0039

==================== 2026-09-08 16:23:48 ====================
--- Thermal Temps (mC) ---
/sys/devices/virtual/thermal/thermal_zone0/temp: 51900
/sys/devices/virtual/thermal/thermal_zone1/temp: 48000
--- lscpu -e ---
CPU NODE SOCKET CORE L1d:L1i:L2:L3 ONLINE    MAXMHZ   MINMHZ       MHZ
  0    0      0    0 0:0:0:0           是 4500.0000 800.0000 1800.0000
  1    0      0    1 4:4:1:0           是 4500.0000 800.0000 1800.0000
  2    0      0    2 8:8:2:0           是 4500.0000 800.0000 3900.0000
  3    0      0    3 12:12:3:0         是 4500.0000 800.0000  800.0000
  4    0      0    4 16:16:4:0         是 4500.0000 800.0000 1799.9810
  5    0      0    5 20:20:5:0         是 4500.0000 800.0000 1799.9810
  6    0      0    6 24:24:6:0         是 3100.0000 800.0000 1200.0260
  7    0      0    7 25:25:6:0         是 3100.0000 800.0000 1200.0010
  8    0      0    8 26:26:6:0         是 3100.0000 800.0000 1199.9890
  9    0      0    9 27:27:6:0         是 3100.0000 800.0000 1199.9590
 10    0      0   10 28:28:7:0         是 3100.0000 800.0000 1200.0040
 11    0      0   11 29:29:7:0         是 3100.0000 800.0000 1200.0400
 12    0      0   12 30:30:7:0         是 3100.0000 800.0000 1200.0020
 13    0      0   13 31:31:7:0         是 3100.0000 800.0000 1200.0000

==================== 2026-09-08 16:23:49 ====================
--- Thermal Temps (mC) ---
/sys/devices/virtual/thermal/thermal_zone0/temp: 50400
/sys/devices/virtual/thermal/thermal_zone1/temp: 50000
--- lscpu -e ---
CPU NODE SOCKET CORE L1d:L1i:L2:L3 ONLINE    MAXMHZ   MINMHZ       MHZ
  0    0      0    0 0:0:0:0           是 4500.0000 800.0000 1799.9810
  1    0      0    1 4:4:1:0           是 4500.0000 800.0000 1800.0000
  2    0      0    2 8:8:2:0           是 4500.0000 800.0000 3899.9600
  3    0      0    3 12:12:3:0         是 4500.0000 800.0000  800.0000
  4    0      0    4 16:16:4:0         是 4500.0000 800.0000 1734.5060
  5    0      0    5 20:20:5:0         是 4500.0000 800.0000 1800.0000
  6    0      0    6 24:24:6:0         是 3100.0000 800.0000  899.9720
  7    0      0    7 25:25:6:0         是 3100.0000 800.0000  900.0190
  8    0      0    8 26:26:6:0         是 3100.0000 800.0000  900.0250
  9    0      0    9 27:27:6:0         是 3100.0000 800.0000  900.0140
 10    0      0   10 28:28:7:0         是 3100.0000 800.0000  899.9750
 11    0      0   11 29:29:7:0         是 3100.0000 800.0000  900.0220
 12    0      0   12 30:30:7:0         是 3100.0000 800.0000  899.9760
 13    0      0   13 31:31:7:0         是 3100.0000 800.0000  899.9930

==================== 2026-09-08 16:23:50 ====================
--- Thermal Temps (mC) ---
/sys/devices/virtual/thermal/thermal_zone0/temp: 50600
/sys/devices/virtual/thermal/thermal_zone1/temp: 52000
--- lscpu -e ---
CPU NODE SOCKET CORE L1d:L1i:L2:L3 ONLINE    MAXMHZ   MINMHZ       MHZ
  0    0      0    0 0:0:0:0           是 4500.0000 800.0000 1800.0000
  1    0      0    1 4:4:1:0           是 4500.0000 800.0000 1800.0000
  2    0      0    2 8:8:2:0           是 4500.0000 800.0000 3900.0000
  3    0      0    3 12:12:3:0         是 4500.0000 800.0000  800.0000
  4    0      0    4 16:16:4:0         是 4500.0000 800.0000 1800.0000
  5    0      0    5 20:20:5:0         是 4500.0000 800.0000 1799.9810
  6    0      0    6 24:24:6:0         是 3100.0000 800.0000 1200.0031
  7    0      0    7 25:25:6:0         是 3100.0000 800.0000 1200.0129
  8    0      0    8 26:26:6:0         是 3100.0000 800.0000 1199.9969
  9    0      0    9 27:27:6:0         是 3100.0000 800.0000 1200.0060
 10    0      0   10 28:28:7:0         是 3100.0000 800.0000 1200.0040
 11    0      0   11 29:29:7:0         是 3100.0000 800.0000 1200.0000
 12    0      0   12 30:30:7:0         是 3100.0000 800.0000 1200.0270
 13    0      0   13 31:31:7:0         是 3100.0000 800.0000 1151.7520

==================== 2026-09-08 16:23:51 ====================
--- Thermal Temps (mC) ---
/sys/devices/virtual/thermal/thermal_zone0/temp: 50000
/sys/devices/virtual/thermal/thermal_zone1/temp: 50000
--- lscpu -e ---
CPU NODE SOCKET CORE L1d:L1i:L2:L3 ONLINE    MAXMHZ   MINMHZ       MHZ
  0    0      0    0 0:0:0:0           是 4500.0000 800.0000 1799.9810
  1    0      0    1 4:4:1:0           是 4500.0000 800.0000 1800.0179
  2    0      0    2 8:8:2:0           是 4500.0000 800.0000 3900.0391
  3    0      0    3 12:12:3:0         是 4500.0000 800.0000  800.0000
  4    0      0    4 16:16:4:0         是 4500.0000 800.0000 1800.0000
  5    0      0    5 20:20:5:0         是 4500.0000 800.0000 1800.0000
  6    0      0    6 24:24:6:0         是 3100.0000 800.0000 1200.0210
  7    0      0    7 25:25:6:0         是 3100.0000 800.0000 1200.0330
  8    0      0    8 26:26:6:0         是 3100.0000 800.0000 1199.9900
  9    0      0    9 27:27:6:0         是 3100.0000 800.0000 1199.9600
 10    0      0   10 28:28:7:0         是 3100.0000 800.0000 1199.9950
 11    0      0   11 29:29:7:0         是 3100.0000 800.0000 1200.0050
 12    0      0   12 30:30:7:0         是 3100.0000 800.0000 1200.0210
 13    0      0   13 31:31:7:0         是 3100.0000 800.0000 1199.9900

==================== 2026-09-08 16:23:53 ====================
--- Thermal Temps (mC) ---
/sys/devices/virtual/thermal/thermal_zone0/temp: 50000
/sys/devices/virtual/thermal/thermal_zone1/temp: 50000
--- lscpu -e ---
CPU NODE SOCKET CORE L1d:L1i:L2:L3 ONLINE    MAXMHZ   MINMHZ       MHZ
  0    0      0    0 0:0:0:0           是 4500.0000 800.0000 1800.0179
  1    0      0    1 4:4:1:0           是 4500.0000 800.0000 1800.0000
  2    0      0    2 8:8:2:0           是 4500.0000 800.0000 3899.9600
  3    0      0    3 12:12:3:0         是 4500.0000 800.0000  800.0000
  4    0      0    4 16:16:4:0         是 4500.0000 800.0000 1800.0000
  5    0      0    5 20:20:5:0         是 4500.0000 800.0000 1800.0000
  6    0      0    6 24:24:6:0         是 3100.0000 800.0000 1200.0010
  7    0      0    7 25:25:6:0         是 3100.0000 800.0000  899.9870
  8    0      0    8 26:26:6:0         是 3100.0000 800.0000  900.0110
  9    0      0    9 27:27:6:0         是 3100.0000 800.0000  900.0080
 10    0      0   10 28:28:7:0         是 3100.0000 800.0000  899.9970
 11    0      0   11 29:29:7:0         是 3100.0000 800.0000  899.9970
 12    0      0   12 30:30:7:0         是 3100.0000 800.0000  899.9820
 13    0      0   13 31:31:7:0         是 3100.0000 800.0000  938.3800

==================== 2026-09-08 16:23:54 ====================
--- Thermal Temps (mC) ---
/sys/devices/virtual/thermal/thermal_zone0/temp: 49700
/sys/devices/virtual/thermal/thermal_zone1/temp: 48000
--- lscpu -e ---
CPU NODE SOCKET CORE L1d:L1i:L2:L3 ONLINE    MAXMHZ   MINMHZ       MHZ
  0    0      0    0 0:0:0:0           是 4500.0000 800.0000 1800.0179
  1    0      0    1 4:4:1:0           是 4500.0000 800.0000 1800.0179
  2    0      0    2 8:8:2:0           是 4500.0000 800.0000 3900.0000
  3    0      0    3 12:12:3:0         是 4500.0000 800.0000  800.0000
  4    0      0    4 16:16:4:0         是 4500.0000 800.0000 1800.0179
  5    0      0    5 20:20:5:0         是 4500.0000 800.0000 1800.0179
  6    0      0    6 24:24:6:0         是 3100.0000 800.0000 1147.0649
  7    0      0    7 25:25:6:0         是 3100.0000 800.0000 1146.9850
  8    0      0    8 26:26:6:0         是 3100.0000 800.0000 1146.7469
  9    0      0    9 27:27:6:0         是 3100.0000 800.0000  899.9960
 10    0      0   10 28:28:7:0         是 3100.0000 800.0000  900.0040
 11    0      0   11 29:29:7:0         是 3100.0000 800.0000  900.0060
 12    0      0   12 30:30:7:0         是 3100.0000 800.0000  900.0120
 13    0      0   13 31:31:7:0         是 3100.0000 800.0000  899.9710

==================== 2026-09-08 16:23:55 ====================
--- Thermal Temps (mC) ---
/sys/devices/virtual/thermal/thermal_zone0/temp: 49800
/sys/devices/virtual/thermal/thermal_zone1/temp: 50000
--- lscpu -e ---
CPU NODE SOCKET CORE L1d:L1i:L2:L3 ONLINE    MAXMHZ   MINMHZ       MHZ
  0    0      0    0 0:0:0:0           是 4500.0000 800.0000 1800.0000
  1    0      0    1 4:4:1:0           是 4500.0000 800.0000 1800.0000
  2    0      0    2 8:8:2:0           是 4500.0000 800.0000 3900.0000
  3    0      0    3 12:12:3:0         是 4500.0000 800.0000  800.0000
  4    0      0    4 16:16:4:0         是 4500.0000 800.0000 1737.3790
  5    0      0    5 20:20:5:0         是 4500.0000 800.0000 1800.0000
  6    0      0    6 24:24:6:0         是 3100.0000 800.0000  899.9850
  7    0      0    7 25:25:6:0         是 3100.0000 800.0000  900.0400
  8    0      0    8 26:26:6:0         是 3100.0000 800.0000 1043.4420
  9    0      0    9 27:27:6:0         是 3100.0000 800.0000 1043.3149
 10    0      0   10 28:28:7:0         是 3100.0000 800.0000 1042.8840
 11    0      0   11 29:29:7:0         是 3100.0000 800.0000 1199.9780
 12    0      0   12 30:30:7:0         是 3100.0000 800.0000 1200.0400
 13    0      0   13 31:31:7:0         是 3100.0000 800.0000 1162.9860

==================== 2026-09-08 16:23:56 ====================
--- Thermal Temps (mC) ---
/sys/devices/virtual/thermal/thermal_zone0/temp: 50200
/sys/devices/virtual/thermal/thermal_zone1/temp: 51000
--- lscpu -e ---
CPU NODE SOCKET CORE L1d:L1i:L2:L3 ONLINE    MAXMHZ   MINMHZ       MHZ
  0    0      0    0 0:0:0:0           是 4500.0000 800.0000 1799.9630
  1    0      0    1 4:4:1:0           是 4500.0000 800.0000 1800.0000
  2    0      0    2 8:8:2:0           是 4500.0000 800.0000 3900.0000
  3    0      0    3 12:12:3:0         是 4500.0000 800.0000  800.0000
  4    0      0    4 16:16:4:0         是 4500.0000 800.0000 1772.5310
  5    0      0    5 20:20:5:0         是 4500.0000 800.0000 1800.0000
  6    0      0    6 24:24:6:0         是 3100.0000 800.0000  899.9840
  7    0      0    7 25:25:6:0         是 3100.0000 800.0000  900.0010
  8    0      0    8 26:26:6:0         是 3100.0000 800.0000  900.0090
  9    0      0    9 27:27:6:0         是 3100.0000 800.0000  900.0010
 10    0      0   10 28:28:7:0         是 3100.0000 800.0000  899.9730
 11    0      0   11 29:29:7:0         是 3100.0000 800.0000  900.0140
 12    0      0   12 30:30:7:0         是 3100.0000 800.0000  899.9960
 13    0      0   13 31:31:7:0         是 3100.0000 800.0000  900.0140

==================== 2026-09-08 16:23:57 ====================
--- Thermal Temps (mC) ---
/sys/devices/virtual/thermal/thermal_zone0/temp: 51300
/sys/devices/virtual/thermal/thermal_zone1/temp: 47000
--- lscpu -e ---
CPU NODE SOCKET CORE L1d:L1i:L2:L3 ONLINE    MAXMHZ   MINMHZ       MHZ
  0    0      0    0 0:0:0:0           是 4500.0000 800.0000 1800.0000
  1    0      0    1 4:4:1:0           是 4500.0000 800.0000 1800.0000
  2    0      0    2 8:8:2:0           是 4500.0000 800.0000 3900.0000
  3    0      0    3 12:12:3:0         是 4500.0000 800.0000  800.0000
  4    0      0    4 16:16:4:0         是 4500.0000 800.0000 1799.9810
  5    0      0    5 20:20:5:0         是 4500.0000 800.0000 1800.0000
  6    0      0    6 24:24:6:0         是 3100.0000 800.0000 1114.0300
  7    0      0    7 25:25:6:0         是 3100.0000 800.0000  899.9940
  8    0      0    8 26:26:6:0         是 3100.0000 800.0000 1007.7590
  9    0      0    9 27:27:6:0         是 3100.0000 800.0000 1007.5100
 10    0      0   10 28:28:7:0         是 3100.0000 800.0000 1200.0000
 11    0      0   11 29:29:7:0         是 3100.0000 800.0000 1199.9780
 12    0      0   12 30:30:7:0         是 3100.0000 800.0000 1200.0170
 13    0      0   13 31:31:7:0         是 3100.0000 800.0000 1041.8580

==================== 2026-09-08 16:23:58 ====================
--- Thermal Temps (mC) ---
/sys/devices/virtual/thermal/thermal_zone0/temp: 50200
/sys/devices/virtual/thermal/thermal_zone1/temp: 50000
--- lscpu -e ---
CPU NODE SOCKET CORE L1d:L1i:L2:L3 ONLINE    MAXMHZ   MINMHZ       MHZ
  0    0      0    0 0:0:0:0           是 4500.0000 800.0000 1799.9810
  1    0      0    1 4:4:1:0           是 4500.0000 800.0000 1800.0000
  2    0      0    2 8:8:2:0           是 4500.0000 800.0000 3900.0000
  3    0      0    3 12:12:3:0         是 4500.0000 800.0000  800.0000
  4    0      0    4 16:16:4:0         是 4500.0000 800.0000 1800.0179
  5    0      0    5 20:20:5:0         是 4500.0000 800.0000 1799.9810
  6    0      0    6 24:24:6:0         是 3100.0000 800.0000  900.0120
  7    0      0    7 25:25:6:0         是 3100.0000 800.0000  899.9950
  8    0      0    8 26:26:6:0         是 3100.0000 800.0000  899.9930
  9    0      0    9 27:27:6:0         是 3100.0000 800.0000  900.0070
 10    0      0   10 28:28:7:0         是 3100.0000 800.0000  899.9950
 11    0      0   11 29:29:7:0         是 3100.0000 800.0000  900.0090
 12    0      0   12 30:30:7:0         是 3100.0000 800.0000  900.0030
 13    0      0   13 31:31:7:0         是 3100.0000 800.0000  899.9880

==================== 2026-09-08 16:23:59 ====================
--- Thermal Temps (mC) ---
/sys/devices/virtual/thermal/thermal_zone0/temp: 50200
/sys/devices/virtual/thermal/thermal_zone1/temp: 50000
--- lscpu -e ---
CPU NODE SOCKET CORE L1d:L1i:L2:L3 ONLINE    MAXMHZ   MINMHZ       MHZ
  0    0      0    0 0:0:0:0           是 4500.0000 800.0000 1799.9810
  1    0      0    1 4:4:1:0           是 4500.0000 800.0000 1800.0000
  2    0      0    2 8:8:2:0           是 4500.0000 800.0000 3900.0000
  3    0      0    3 12:12:3:0         是 4500.0000 800.0000  800.0000
  4    0      0    4 16:16:4:0         是 4500.0000 800.0000 1799.9810
  5    0      0    5 20:20:5:0         是 4500.0000 800.0000 1800.0000
  6    0      0    6 24:24:6:0         是 3100.0000 800.0000  900.0180
  7    0      0    7 25:25:6:0         是 3100.0000 800.0000 1001.0120
  8    0      0    8 26:26:6:0         是 3100.0000 800.0000 1000.7820
  9    0      0    9 27:27:6:0         是 3100.0000 800.0000 1199.9771
 10    0      0   10 28:28:7:0         是 3100.0000 800.0000 1200.0031
 11    0      0   11 29:29:7:0         是 3100.0000 800.0000 1200.0179
 12    0      0   12 30:30:7:0         是 3100.0000 800.0000 1199.9871
 13    0      0   13 31:31:7:0         是 3100.0000 800.0000 1199.9730

==================== 2026-09-08 16:24:00 ====================
--- Thermal Temps (mC) ---
/sys/devices/virtual/thermal/thermal_zone0/temp: 50400
/sys/devices/virtual/thermal/thermal_zone1/temp: 50000
--- lscpu -e ---
CPU NODE SOCKET CORE L1d:L1i:L2:L3 ONLINE    MAXMHZ   MINMHZ       MHZ
  0    0      0    0 0:0:0:0           是 4500.0000 800.0000 1800.0000
  1    0      0    1 4:4:1:0           是 4500.0000 800.0000 1799.9810
  2    0      0    2 8:8:2:0           是 4500.0000 800.0000 3900.0000
  3    0      0    3 12:12:3:0         是 4500.0000 800.0000  800.0000
  4    0      0    4 16:16:4:0         是 4500.0000 800.0000 1800.0179
  5    0      0    5 20:20:5:0         是 4500.0000 800.0000 1800.0179
  6    0      0    6 24:24:6:0         是 3100.0000 800.0000  899.9930
  7    0      0    7 25:25:6:0         是 3100.0000 800.0000  900.0190
  8    0      0    8 26:26:6:0         是 3100.0000 800.0000  900.0170
  9    0      0    9 27:27:6:0         是 3100.0000 800.0000  900.0200
 10    0      0   10 28:28:7:0         是 3100.0000 800.0000  900.0050
 11    0      0   11 29:29:7:0         是 3100.0000 800.0000  899.9970
 12    0      0   12 30:30:7:0         是 3100.0000 800.0000  899.9900
 13    0      0   13 31:31:7:0         是 3100.0000 800.0000 1199.9800

==================== 2026-09-08 16:24:01 ====================
--- Thermal Temps (mC) ---
/sys/devices/virtual/thermal/thermal_zone0/temp: 49100
/sys/devices/virtual/thermal/thermal_zone1/temp: 50000
--- lscpu -e ---
CPU NODE SOCKET CORE L1d:L1i:L2:L3 ONLINE    MAXMHZ   MINMHZ       MHZ
  0    0      0    0 0:0:0:0           是 4500.0000 800.0000 1800.0000
  1    0      0    1 4:4:1:0           是 4500.0000 800.0000 1800.0000
  2    0      0    2 8:8:2:0           是 4500.0000 800.0000 3900.0000
  3    0      0    3 12:12:3:0         是 4500.0000 800.0000  800.0000
  4    0      0    4 16:16:4:0         是 4500.0000 800.0000 1799.9810
  5    0      0    5 20:20:5:0         是 4500.0000 800.0000 1800.0000
  6    0      0    6 24:24:6:0         是 3100.0000 800.0000 1199.9750
  7    0      0    7 25:25:6:0         是 3100.0000 800.0000 1199.9969
  8    0      0    8 26:26:6:0         是 3100.0000 800.0000 1200.0400
  9    0      0    9 27:27:6:0         是 3100.0000 800.0000 1199.9760
 10    0      0   10 28:28:7:0         是 3100.0000 800.0000 1200.0081
 11    0      0   11 29:29:7:0         是 3100.0000 800.0000 1199.9871
 12    0      0   12 30:30:7:0         是 3100.0000 800.0000 1199.9771
 13    0      0   13 31:31:7:0         是 3100.0000 800.0000 1199.9771

==================== 2026-09-08 16:24:02 ====================
--- Thermal Temps (mC) ---
/sys/devices/virtual/thermal/thermal_zone0/temp: 50400
/sys/devices/virtual/thermal/thermal_zone1/temp: 51000
--- lscpu -e ---
CPU NODE SOCKET CORE L1d:L1i:L2:L3 ONLINE    MAXMHZ   MINMHZ       MHZ
  0    0      0    0 0:0:0:0           是 4500.0000 800.0000 1800.0000
  1    0      0    1 4:4:1:0           是 4500.0000 800.0000 1800.0000
  2    0      0    2 8:8:2:0           是 4500.0000 800.0000 3899.9600
  3    0      0    3 12:12:3:0         是 4500.0000 800.0000  800.0000
  4    0      0    4 16:16:4:0         是 4500.0000 800.0000 1800.0000
  5    0      0    5 20:20:5:0         是 4500.0000 800.0000 1800.0000
  6    0      0    6 24:24:6:0         是 3100.0000 800.0000 1199.9850
  7    0      0    7 25:25:6:0         是 3100.0000 800.0000 1199.9940
  8    0      0    8 26:26:6:0         是 3100.0000 800.0000 1199.9910
  9    0      0    9 27:27:6:0         是 3100.0000 800.0000 1200.0020
 10    0      0   10 28:28:7:0         是 3100.0000 800.0000 1199.9690
 11    0      0   11 29:29:7:0         是 3100.0000 800.0000 1096.0530
 12    0      0   12 30:30:7:0         是 3100.0000 800.0000 1096.4969
 13    0      0   13 31:31:7:0         是 3100.0000 800.0000 1096.5179

==================== 2026-09-08 16:24:04 ====================
--- Thermal Temps (mC) ---
/sys/devices/virtual/thermal/thermal_zone0/temp: 50400
/sys/devices/virtual/thermal/thermal_zone1/temp: 48000
--- lscpu -e ---
CPU NODE SOCKET CORE L1d:L1i:L2:L3 ONLINE    MAXMHZ   MINMHZ       MHZ
  0    0      0    0 0:0:0:0           是 4500.0000 800.0000 1800.0179
  1    0      0    1 4:4:1:0           是 4500.0000 800.0000 1800.0000
  2    0      0    2 8:8:2:0           是 4500.0000 800.0000 3900.0000
  3    0      0    3 12:12:3:0         是 4500.0000 800.0000  800.0000
  4    0      0    4 16:16:4:0         是 4500.0000 800.0000 1800.0179
  5    0      0    5 20:20:5:0         是 4500.0000 800.0000 1772.1780
  6    0      0    6 24:24:6:0         是 3100.0000 800.0000 1199.9840
  7    0      0    7 25:25:6:0         是 3100.0000 800.0000 1199.9780
  8    0      0    8 26:26:6:0         是 3100.0000 800.0000 1200.0190
  9    0      0    9 27:27:6:0         是 3100.0000 800.0000 1200.0031
 10    0      0   10 28:28:7:0         是 3100.0000 800.0000 1200.0229
 11    0      0   11 29:29:7:0         是 3100.0000 800.0000 1200.0040
 12    0      0   12 30:30:7:0         是 3100.0000 800.0000 1200.0110
 13    0      0   13 31:31:7:0         是 3100.0000 800.0000 1200.0150

==================== 2026-09-08 16:24:05 ====================
--- Thermal Temps (mC) ---
/sys/devices/virtual/thermal/thermal_zone0/temp: 52400
/sys/devices/virtual/thermal/thermal_zone1/temp: 52000
--- lscpu -e ---
CPU NODE SOCKET CORE L1d:L1i:L2:L3 ONLINE    MAXMHZ   MINMHZ       MHZ
  0    0      0    0 0:0:0:0           是 4500.0000 800.0000 1800.0000
  1    0      0    1 4:4:1:0           是 4500.0000 800.0000 1755.6689
  2    0      0    2 8:8:2:0           是 4500.0000 800.0000 3900.0000
  3    0      0    3 12:12:3:0         是 4500.0000 800.0000  800.0000
  4    0      0    4 16:16:4:0         是 4500.0000 800.0000 1800.0000
  5    0      0    5 20:20:5:0         是 4500.0000 800.0000 1800.0000
  6    0      0    6 24:24:6:0         是 3100.0000 800.0000 1200.0320
  7    0      0    7 25:25:6:0         是 3100.0000 800.0000 1199.9960
  8    0      0    8 26:26:6:0         是 3100.0000 800.0000 1200.0160
  9    0      0    9 27:27:6:0         是 3100.0000 800.0000 1200.0100
 10    0      0   10 28:28:7:0         是 3100.0000 800.0000 1199.9980
 11    0      0   11 29:29:7:0         是 3100.0000 800.0000 1200.0350
 12    0      0   12 30:30:7:0         是 3100.0000 800.0000 1200.0040
 13    0      0   13 31:31:7:0         是 3100.0000 800.0000 1200.0110

==================== 2026-09-08 16:24:06 ====================
--- Thermal Temps (mC) ---
/sys/devices/virtual/thermal/thermal_zone0/temp: 50900
/sys/devices/virtual/thermal/thermal_zone1/temp: 50000
--- lscpu -e ---
CPU NODE SOCKET CORE L1d:L1i:L2:L3 ONLINE    MAXMHZ   MINMHZ       MHZ
  0    0      0    0 0:0:0:0           是 4500.0000 800.0000 1800.0000
  1    0      0    1 4:4:1:0           是 4500.0000 800.0000 1800.0179
  2    0      0    2 8:8:2:0           是 4500.0000 800.0000 3900.0000
  3    0      0    3 12:12:3:0         是 4500.0000 800.0000  800.0000
  4    0      0    4 16:16:4:0         是 4500.0000 800.0000 1800.0179
  5    0      0    5 20:20:5:0         是 4500.0000 800.0000 1800.0000
  6    0      0    6 24:24:6:0         是 3100.0000 800.0000 1199.9969
  7    0      0    7 25:25:6:0         是 3100.0000 800.0000 1199.9800
  8    0      0    8 26:26:6:0         是 3100.0000 800.0000 1199.9771
  9    0      0    9 27:27:6:0         是 3100.0000 800.0000 1200.0060
 10    0      0   10 28:28:7:0         是 3100.0000 800.0000 1200.0320
 11    0      0   11 29:29:7:0         是 3100.0000 800.0000 1101.3060
 12    0      0   12 30:30:7:0         是 3100.0000 800.0000 1101.1190
 13    0      0   13 31:31:7:0         是 3100.0000 800.0000 1101.2050

==================== 2026-09-08 16:24:07 ====================
--- Thermal Temps (mC) ---
/sys/devices/virtual/thermal/thermal_zone0/temp: 50700
/sys/devices/virtual/thermal/thermal_zone1/temp: 50000
--- lscpu -e ---
CPU NODE SOCKET CORE L1d:L1i:L2:L3 ONLINE    MAXMHZ   MINMHZ       MHZ
  0    0      0    0 0:0:0:0           是 4500.0000 800.0000 1800.0000
  1    0      0    1 4:4:1:0           是 4500.0000 800.0000 1799.9810
  2    0      0    2 8:8:2:0           是 4500.0000 800.0000 3900.0000
  3    0      0    3 12:12:3:0         是 4500.0000 800.0000  800.0000
  4    0      0    4 16:16:4:0         是 4500.0000 800.0000 1753.8010
  5    0      0    5 20:20:5:0         是 4500.0000 800.0000 1800.0000
  6    0      0    6 24:24:6:0         是 3100.0000 800.0000 1199.9890
  7    0      0    7 25:25:6:0         是 3100.0000 800.0000 1199.9740
  8    0      0    8 26:26:6:0         是 3100.0000 800.0000 1199.9840
  9    0      0    9 27:27:6:0         是 3100.0000 800.0000  899.9880
 10    0      0   10 28:28:7:0         是 3100.0000 800.0000  900.0090
 11    0      0   11 29:29:7:0         是 3100.0000 800.0000  900.0130
 12    0      0   12 30:30:7:0         是 3100.0000 800.0000  899.9850
 13    0      0   13 31:31:7:0         是 3100.0000 800.0000  899.9780

==================== 2026-09-08 16:24:08 ====================
--- Thermal Temps (mC) ---
/sys/devices/virtual/thermal/thermal_zone0/temp: 50200
/sys/devices/virtual/thermal/thermal_zone1/temp: 50000
--- lscpu -e ---
CPU NODE SOCKET CORE L1d:L1i:L2:L3 ONLINE    MAXMHZ   MINMHZ       MHZ
  0    0      0    0 0:0:0:0           是 4500.0000 800.0000 1799.9810
  1    0      0    1 4:4:1:0           是 4500.0000 800.0000 1800.0000
  2    0      0    2 8:8:2:0           是 4500.0000 800.0000 3900.0000
  3    0      0    3 12:12:3:0         是 4500.0000 800.0000  800.0000
  4    0      0    4 16:16:4:0         是 4500.0000 800.0000 1800.0000
  5    0      0    5 20:20:5:0         是 4500.0000 800.0000 1799.9810
  6    0      0    6 24:24:6:0         是 3100.0000 800.0000  900.0220
  7    0      0    7 25:25:6:0         是 3100.0000 800.0000  900.0190
  8    0      0    8 26:26:6:0         是 3100.0000 800.0000  899.9730
  9    0      0    9 27:27:6:0         是 3100.0000 800.0000  899.9750
 10    0      0   10 28:28:7:0         是 3100.0000 800.0000  899.9940
 11    0      0   11 29:29:7:0         是 3100.0000 800.0000  899.9730
 12    0      0   12 30:30:7:0         是 3100.0000 800.0000  899.9980
 13    0      0   13 31:31:7:0         是 3100.0000 800.0000  899.9970

==================== 2026-09-08 16:24:09 ====================
--- Thermal Temps (mC) ---
/sys/devices/virtual/thermal/thermal_zone0/temp: 49100
/sys/devices/virtual/thermal/thermal_zone1/temp: 48000
--- lscpu -e ---
CPU NODE SOCKET CORE L1d:L1i:L2:L3 ONLINE    MAXMHZ   MINMHZ       MHZ
  0    0      0    0 0:0:0:0           是 4500.0000 800.0000 1800.0000
  1    0      0    1 4:4:1:0           是 4500.0000 800.0000 1800.0000
  2    0      0    2 8:8:2:0           是 4500.0000 800.0000 3899.9600
  3    0      0    3 12:12:3:0         是 4500.0000 800.0000  800.0000
  4    0      0    4 16:16:4:0         是 4500.0000 800.0000 1800.0000
  5    0      0    5 20:20:5:0         是 4500.0000 800.0000 1800.0179
  6    0      0    6 24:24:6:0         是 3100.0000 800.0000 3100.0840
  7    0      0    7 25:25:6:0         是 3100.0000 800.0000 3100.0869
  8    0      0    8 26:26:6:0         是 3100.0000 800.0000 3099.9519
  9    0      0    9 27:27:6:0         是 3100.0000 800.0000 3100.0430
 10    0      0   10 28:28:7:0         是 3100.0000 800.0000  799.9980
 11    0      0   11 29:29:7:0         是 3100.0000 800.0000  799.9950
 12    0      0   12 30:30:7:0         是 3100.0000 800.0000  800.0190
 13    0      0   13 31:31:7:0         是 3100.0000 800.0000  799.9890

==================== 2026-09-08 16:24:10 ====================
--- Thermal Temps (mC) ---
/sys/devices/virtual/thermal/thermal_zone0/temp: 49500
/sys/devices/virtual/thermal/thermal_zone1/temp: 47000
--- lscpu -e ---
CPU NODE SOCKET CORE L1d:L1i:L2:L3 ONLINE    MAXMHZ   MINMHZ       MHZ
  0    0      0    0 0:0:0:0           是 4500.0000 800.0000 1700.0000
  1    0      0    1 4:4:1:0           是 4500.0000 800.0000 1700.0341
  2    0      0    2 8:8:2:0           是 4500.0000 800.0000 3900.0000
  3    0      0    3 12:12:3:0         是 4500.0000 800.0000  800.0000
  4    0      0    4 16:16:4:0         是 4500.0000 800.0000 1639.9290
  5    0      0    5 20:20:5:0         是 4500.0000 800.0000 1700.0000
  6    0      0    6 24:24:6:0         是 3100.0000 800.0000 3100.1030
  7    0      0    7 25:25:6:0         是 3100.0000 800.0000 3099.9861
  8    0      0    8 26:26:6:0         是 3100.0000 800.0000 3100.0010
  9    0      0    9 27:27:6:0         是 3100.0000 800.0000 3100.0591
 10    0      0   10 28:28:7:0         是 3100.0000 800.0000  800.0020
 11    0      0   11 29:29:7:0         是 3100.0000 800.0000  799.9910
 12    0      0   12 30:30:7:0         是 3100.0000 800.0000  800.0170
 13    0      0   13 31:31:7:0         是 3100.0000 800.0000  800.0100

==================== 2026-09-08 16:24:11 ====================
--- Thermal Temps (mC) ---
/sys/devices/virtual/thermal/thermal_zone0/temp: 49300
/sys/devices/virtual/thermal/thermal_zone1/temp: 50000
--- lscpu -e ---
CPU NODE SOCKET CORE L1d:L1i:L2:L3 ONLINE    MAXMHZ   MINMHZ       MHZ
  0    0      0    0 0:0:0:0           是 4500.0000 800.0000 1699.9821
  1    0      0    1 4:4:1:0           是 4500.0000 800.0000 1700.0000
  2    0      0    2 8:8:2:0           是 4500.0000 800.0000 3899.9600
  3    0      0    3 12:12:3:0         是 4500.0000 800.0000  800.0000
  4    0      0    4 16:16:4:0         是 4500.0000 800.0000 1700.0000
  5    0      0    5 20:20:5:0         是 4500.0000 800.0000 1700.0170
  6    0      0    6 24:24:6:0         是 3100.0000 800.0000 3100.0879
  7    0      0    7 25:25:6:0         是 3100.0000 800.0000 3100.0840
  8    0      0    8 26:26:6:0         是 3100.0000 800.0000 3099.9199
  9    0      0    9 27:27:6:0         是 3100.0000 800.0000 3099.9990
 10    0      0   10 28:28:7:0         是 3100.0000 800.0000  799.9940
 11    0      0   11 29:29:7:0         是 3100.0000 800.0000  800.0150
 12    0      0   12 30:30:7:0         是 3100.0000 800.0000  800.0050
 13    0      0   13 31:31:7:0         是 3100.0000 800.0000  799.9770

==================== 2026-09-08 16:24:12 ====================
--- Thermal Temps (mC) ---
/sys/devices/virtual/thermal/thermal_zone0/temp: 48600
/sys/devices/virtual/thermal/thermal_zone1/temp: 50000
--- lscpu -e ---
CPU NODE SOCKET CORE L1d:L1i:L2:L3 ONLINE    MAXMHZ   MINMHZ       MHZ
  0    0      0    0 0:0:0:0           是 4500.0000 800.0000 1599.9830
  1    0      0    1 4:4:1:0           是 4500.0000 800.0000 1599.9830
  2    0      0    2 8:8:2:0           是 4500.0000 800.0000 3899.9600
  3    0      0    3 12:12:3:0         是 4500.0000 800.0000  800.0000
  4    0      0    4 16:16:4:0         是 4500.0000 800.0000 1600.0000
  5    0      0    5 20:20:5:0         是 4500.0000 800.0000 1600.0000
  6    0      0    6 24:24:6:0         是 3100.0000 800.0000 3100.0520
  7    0      0    7 25:25:6:0         是 3100.0000 800.0000 3100.0039
  8    0      0    8 26:26:6:0         是 3100.0000 800.0000 3099.9871
  9    0      0    9 27:27:6:0         是 3100.0000 800.0000 3100.0459
 10    0      0   10 28:28:7:0         是 3100.0000 800.0000  799.9960
 11    0      0   11 29:29:7:0         是 3100.0000 800.0000  799.9850
 12    0      0   12 30:30:7:0         是 3100.0000 800.0000  800.0080
 13    0      0   13 31:31:7:0         是 3100.0000 800.0000  799.9940

==================== 2026-09-08 16:24:13 ====================
--- Thermal Temps (mC) ---
/sys/devices/virtual/thermal/thermal_zone0/temp: 49300
/sys/devices/virtual/thermal/thermal_zone1/temp: 50000
--- lscpu -e ---
CPU NODE SOCKET CORE L1d:L1i:L2:L3 ONLINE    MAXMHZ   MINMHZ       MHZ
  0    0      0    0 0:0:0:0           是 4500.0000 800.0000 1700.0170
  1    0      0    1 4:4:1:0           是 4500.0000 800.0000 1700.0170
  2    0      0    2 8:8:2:0           是 4500.0000 800.0000 3900.0391
  3    0      0    3 12:12:3:0         是 4500.0000 800.0000  800.0000
  4    0      0    4 16:16:4:0         是 4500.0000 800.0000 1700.0000
  5    0      0    5 20:20:5:0         是 4500.0000 800.0000 1668.4280
  6    0      0    6 24:24:6:0         是 3100.0000 800.0000 3100.0759
  7    0      0    7 25:25:6:0         是 3100.0000 800.0000 3099.8799
  8    0      0    8 26:26:6:0         是 3100.0000 800.0000 3099.9961
  9    0      0    9 27:27:6:0         是 3100.0000 800.0000 3100.0701
 10    0      0   10 28:28:7:0         是 3100.0000 800.0000  800.0110
 11    0      0   11 29:29:7:0         是 3100.0000 800.0000  800.0180
 12    0      0   12 30:30:7:0         是 3100.0000 800.0000  800.0060
 13    0      0   13 31:31:7:0         是 3100.0000 800.0000  799.9720

==================== 2026-09-08 16:24:14 ====================
--- Thermal Temps (mC) ---
/sys/devices/virtual/thermal/thermal_zone0/temp: 49800
/sys/devices/virtual/thermal/thermal_zone1/temp: 52000
--- lscpu -e ---
CPU NODE SOCKET CORE L1d:L1i:L2:L3 ONLINE    MAXMHZ   MINMHZ       MHZ
  0    0      0    0 0:0:0:0           是 4500.0000 800.0000 1600.0000
  1    0      0    1 4:4:1:0           是 4500.0000 800.0000 1600.0160
  2    0      0    2 8:8:2:0           是 4500.0000 800.0000 3900.0391
  3    0      0    3 12:12:3:0         是 4500.0000 800.0000  800.0000
  4    0      0    4 16:16:4:0         是 4500.0000 800.0000 1600.0000
  5    0      0    5 20:20:5:0         是 4500.0000 800.0000 1600.0160
  6    0      0    6 24:24:6:0         是 3100.0000 800.0000 3100.0620
  7    0      0    7 25:25:6:0         是 3100.0000 800.0000 3099.9939
  8    0      0    8 26:26:6:0         是 3100.0000 800.0000 3099.8569
  9    0      0    9 27:27:6:0         是 3100.0000 800.0000 3099.9971
 10    0      0   10 28:28:7:0         是 3100.0000 800.0000  799.9980
 11    0      0   11 29:29:7:0         是 3100.0000 800.0000  800.0240
 12    0      0   12 30:30:7:0         是 3100.0000 800.0000  800.0210
 13    0      0   13 31:31:7:0         是 3100.0000 800.0000  800.0130

==================== 2026-09-08 16:24:15 ====================
--- Thermal Temps (mC) ---
/sys/devices/virtual/thermal/thermal_zone0/temp: 49800
/sys/devices/virtual/thermal/thermal_zone1/temp: 50000
--- lscpu -e ---
CPU NODE SOCKET CORE L1d:L1i:L2:L3 ONLINE    MAXMHZ   MINMHZ       MHZ
  0    0      0    0 0:0:0:0           是 4500.0000 800.0000 1600.0000
  1    0      0    1 4:4:1:0           是 4500.0000 800.0000 1600.0000
  2    0      0    2 8:8:2:0           是 4500.0000 800.0000 3900.0391
  3    0      0    3 12:12:3:0         是 4500.0000 800.0000  800.0000
  4    0      0    4 16:16:4:0         是 4500.0000 800.0000 1600.0000
  5    0      0    5 20:20:5:0         是 4500.0000 800.0000 1532.7841
  6    0      0    6 24:24:6:0         是 3100.0000 800.0000 3100.0710
  7    0      0    7 25:25:6:0         是 3100.0000 800.0000 3099.9409
  8    0      0    8 26:26:6:0         是 3100.0000 800.0000 3099.9500
  9    0      0    9 27:27:6:0         是 3100.0000 800.0000 3100.0481
 10    0      0   10 28:28:7:0         是 3100.0000 800.0000  799.9890
 11    0      0   11 29:29:7:0         是 3100.0000 800.0000  800.0010
 12    0      0   12 30:30:7:0         是 3100.0000 800.0000  800.0000
 13    0      0   13 31:31:7:0         是 3100.0000 800.0000  799.9960

==================== 2026-09-08 16:24:16 ====================
--- Thermal Temps (mC) ---
/sys/devices/virtual/thermal/thermal_zone0/temp: 49500
/sys/devices/virtual/thermal/thermal_zone1/temp: 51000
--- lscpu -e ---
CPU NODE SOCKET CORE L1d:L1i:L2:L3 ONLINE    MAXMHZ   MINMHZ       MHZ
  0    0      0    0 0:0:0:0           是 4500.0000 800.0000 1600.0000
  1    0      0    1 4:4:1:0           是 4500.0000 800.0000 1600.0000
  2    0      0    2 8:8:2:0           是 4500.0000 800.0000 3900.0000
  3    0      0    3 12:12:3:0         是 4500.0000 800.0000  800.0000
  4    0      0    4 16:16:4:0         是 4500.0000 800.0000 1600.0160
  5    0      0    5 20:20:5:0         是 4500.0000 800.0000 1600.0000
  6    0      0    6 24:24:6:0         是 3100.0000 800.0000 3100.0229
  7    0      0    7 25:25:6:0         是 3100.0000 800.0000 3099.9541
  8    0      0    8 26:26:6:0         是 3100.0000 800.0000 3100.0220
  9    0      0    9 27:27:6:0         是 3100.0000 800.0000 3100.0901
 10    0      0   10 28:28:7:0         是 3100.0000 800.0000  799.9990
 11    0      0   11 29:29:7:0         是 3100.0000 800.0000  800.0110
 12    0      0   12 30:30:7:0         是 3100.0000 800.0000  800.0210
 13    0      0   13 31:31:7:0         是 3100.0000 800.0000  800.0080

==================== 2026-09-08 16:24:17 ====================
--- Thermal Temps (mC) ---
/sys/devices/virtual/thermal/thermal_zone0/temp: 49700
/sys/devices/virtual/thermal/thermal_zone1/temp: 48000
--- lscpu -e ---
CPU NODE SOCKET CORE L1d:L1i:L2:L3 ONLINE    MAXMHZ   MINMHZ       MHZ
  0    0      0    0 0:0:0:0           是 4500.0000 800.0000 1600.0000
  1    0      0    1 4:4:1:0           是 4500.0000 800.0000 1600.0000
  2    0      0    2 8:8:2:0           是 4500.0000 800.0000 3828.8250
  3    0      0    3 12:12:3:0         是 4500.0000 800.0000  800.0000
  4    0      0    4 16:16:4:0         是 4500.0000 800.0000 1600.0000
  5    0      0    5 20:20:5:0         是 4500.0000 800.0000 1600.0000
  6    0      0    6 24:24:6:0         是 3100.0000 800.0000 3099.9709
  7    0      0    7 25:25:6:0         是 3100.0000 800.0000 3099.9861
  8    0      0    8 26:26:6:0         是 3100.0000 800.0000 3100.0190
  9    0      0    9 27:27:6:0         是 3100.0000 800.0000 3100.0320
 10    0      0   10 28:28:7:0         是 3100.0000 800.0000  799.9940
 11    0      0   11 29:29:7:0         是 3100.0000 800.0000  800.0060
 12    0      0   12 30:30:7:0         是 3100.0000 800.0000  799.9840
 13    0      0   13 31:31:7:0         是 3100.0000 800.0000  800.0090

==================== 2026-09-08 16:24:18 ====================
--- Thermal Temps (mC) ---
/sys/devices/virtual/thermal/thermal_zone0/temp: 49700
/sys/devices/virtual/thermal/thermal_zone1/temp: 48000
--- lscpu -e ---
CPU NODE SOCKET CORE L1d:L1i:L2:L3 ONLINE    MAXMHZ   MINMHZ       MHZ
  0    0      0    0 0:0:0:0           是 4500.0000 800.0000 1600.0000
  1    0      0    1 4:4:1:0           是 4500.0000 800.0000 1600.0000
  2    0      0    2 8:8:2:0           是 4500.0000 800.0000 3900.0000
  3    0      0    3 12:12:3:0         是 4500.0000 800.0000  800.0000
  4    0      0    4 16:16:4:0         是 4500.0000 800.0000 1600.0000
  5    0      0    5 20:20:5:0         是 4500.0000 800.0000 1600.0000
  6    0      0    6 24:24:6:0         是 3100.0000 800.0000 3100.0359
  7    0      0    7 25:25:6:0         是 3100.0000 800.0000 3099.9751
  8    0      0    8 26:26:6:0         是 3100.0000 800.0000 3099.9351
  9    0      0    9 27:27:6:0         是 3100.0000 800.0000 3100.0710
 10    0      0   10 28:28:7:0         是 3100.0000 800.0000  799.9960
 11    0      0   11 29:29:7:0         是 3100.0000 800.0000  799.9970
 12    0      0   12 30:30:7:0         是 3100.0000 800.0000  800.0000
 13    0      0   13 31:31:7:0         是 3100.0000 800.0000  799.9860

==================== 2026-09-08 16:24:19 ====================
--- Thermal Temps (mC) ---
/sys/devices/virtual/thermal/thermal_zone0/temp: 49900
/sys/devices/virtual/thermal/thermal_zone1/temp: 51000
--- lscpu -e ---
CPU NODE SOCKET CORE L1d:L1i:L2:L3 ONLINE    MAXMHZ   MINMHZ       MHZ
  0    0      0    0 0:0:0:0           是 4500.0000 800.0000 1700.0170
  1    0      0    1 4:4:1:0           是 4500.0000 800.0000 1700.0000
  2    0      0    2 8:8:2:0           是 4500.0000 800.0000 3900.0000
  3    0      0    3 12:12:3:0         是 4500.0000 800.0000  800.0000
  4    0      0    4 16:16:4:0         是 4500.0000 800.0000 1700.0000
  5    0      0    5 20:20:5:0         是 4500.0000 800.0000 1700.0000
  6    0      0    6 24:24:6:0         是 3100.0000 800.0000 3099.9980
  7    0      0    7 25:25:6:0         是 3100.0000 800.0000 3100.0510
  8    0      0    8 26:26:6:0         是 3100.0000 800.0000 3100.0649
  9    0      0    9 27:27:6:0         是 3100.0000 800.0000 3099.9600
 10    0      0   10 28:28:7:0         是 3100.0000 800.0000  800.0050
 11    0      0   11 29:29:7:0         是 3100.0000 800.0000  799.9980
 12    0      0   12 30:30:7:0         是 3100.0000 800.0000  800.0140
 13    0      0   13 31:31:7:0         是 3100.0000 800.0000  800.0090

==================== 2026-09-08 16:24:20 ====================
--- Thermal Temps (mC) ---
/sys/devices/virtual/thermal/thermal_zone0/temp: 49500
/sys/devices/virtual/thermal/thermal_zone1/temp: 53000
--- lscpu -e ---
CPU NODE SOCKET CORE L1d:L1i:L2:L3 ONLINE    MAXMHZ   MINMHZ       MHZ
  0    0      0    0 0:0:0:0           是 4500.0000 800.0000 1700.0170
  1    0      0    1 4:4:1:0           是 4500.0000 800.0000 1700.0170
  2    0      0    2 8:8:2:0           是 4500.0000 800.0000 3900.0391
  3    0      0    3 12:12:3:0         是 4500.0000 800.0000  800.0000
  4    0      0    4 16:16:4:0         是 4500.0000 800.0000 1700.0000
  5    0      0    5 20:20:5:0         是 4500.0000 800.0000 1700.0000
  6    0      0    6 24:24:6:0         是 3100.0000 800.0000 3099.9751
  7    0      0    7 25:25:6:0         是 3100.0000 800.0000 3100.0381
  8    0      0    8 26:26:6:0         是 3100.0000 800.0000 3099.9221
  9    0      0    9 27:27:6:0         是 3100.0000 800.0000 3100.0439
 10    0      0   10 28:28:7:0         是 3100.0000 800.0000  799.9960
 11    0      0   11 29:29:7:0         是 3100.0000 800.0000  800.0150
 12    0      0   12 30:30:7:0         是 3100.0000 800.0000  799.9810
 13    0      0   13 31:31:7:0         是 3100.0000 800.0000  800.0050

==================== 2026-09-08 16:24:21 ====================
--- Thermal Temps (mC) ---
/sys/devices/virtual/thermal/thermal_zone0/temp: 49500
/sys/devices/virtual/thermal/thermal_zone1/temp: 51000
--- lscpu -e ---
CPU NODE SOCKET CORE L1d:L1i:L2:L3 ONLINE    MAXMHZ   MINMHZ       MHZ
  0    0      0    0 0:0:0:0           是 4500.0000 800.0000 1700.0341
  1    0      0    1 4:4:1:0           是 4500.0000 800.0000 1700.0000
  2    0      0    2 8:8:2:0           是 4500.0000 800.0000 3815.3440
  3    0      0    3 12:12:3:0         是 4500.0000 800.0000  800.0000
  4    0      0    4 16:16:4:0         是 4500.0000 800.0000 1700.0170
  5    0      0    5 20:20:5:0         是 4500.0000 800.0000 1700.0170
  6    0      0    6 24:24:6:0         是 3100.0000 800.0000 3099.8950
  7    0      0    7 25:25:6:0         是 3100.0000 800.0000 3099.9331
  8    0      0    8 26:26:6:0         是 3100.0000 800.0000 3099.9839
  9    0      0    9 27:27:6:0         是 3100.0000 800.0000 3099.9480
 10    0      0   10 28:28:7:0         是 3100.0000 800.0000  799.9840
 11    0      0   11 29:29:7:0         是 3100.0000 800.0000  799.9880
 12    0      0   12 30:30:7:0         是 3100.0000 800.0000  800.0000
 13    0      0   13 31:31:7:0         是 3100.0000 800.0000  800.0010

==================== 2026-09-08 16:24:23 ====================
--- Thermal Temps (mC) ---
/sys/devices/virtual/thermal/thermal_zone0/temp: 50500
/sys/devices/virtual/thermal/thermal_zone1/temp: 51000
--- lscpu -e ---
CPU NODE SOCKET CORE L1d:L1i:L2:L3 ONLINE    MAXMHZ   MINMHZ       MHZ
  0    0      0    0 0:0:0:0           是 4500.0000 800.0000 1600.0000
  1    0      0    1 4:4:1:0           是 4500.0000 800.0000 1600.0160
  2    0      0    2 8:8:2:0           是 4500.0000 800.0000 3900.0000
  3    0      0    3 12:12:3:0         是 4500.0000 800.0000  800.0000
  4    0      0    4 16:16:4:0         是 4500.0000 800.0000 1600.0000
  5    0      0    5 20:20:5:0         是 4500.0000 800.0000 1600.0160
  6    0      0    6 24:24:6:0         是 3100.0000 800.0000 3100.0969
  7    0      0    7 25:25:6:0         是 3100.0000 800.0000 3100.0190
  8    0      0    8 26:26:6:0         是 3100.0000 800.0000 3100.0959
  9    0      0    9 27:27:6:0         是 3100.0000 800.0000 3100.0020
 10    0      0   10 28:28:7:0         是 3100.0000 800.0000  800.0010
 11    0      0   11 29:29:7:0         是 3100.0000 800.0000  799.9890
 12    0      0   12 30:30:7:0         是 3100.0000 800.0000  799.9810
 13    0      0   13 31:31:7:0         是 3100.0000 800.0000  800.0070

==================== 2026-09-08 16:24:24 ====================
--- Thermal Temps (mC) ---
/sys/devices/virtual/thermal/thermal_zone0/temp: 50500
/sys/devices/virtual/thermal/thermal_zone1/temp: 50000
--- lscpu -e ---
CPU NODE SOCKET CORE L1d:L1i:L2:L3 ONLINE    MAXMHZ   MINMHZ       MHZ
  0    0      0    0 0:0:0:0           是 4500.0000 800.0000 1600.0160
  1    0      0    1 4:4:1:0           是 4500.0000 800.0000 1600.0000
  2    0      0    2 8:8:2:0           是 4500.0000 800.0000 3900.0000
  3    0      0    3 12:12:3:0         是 4500.0000 800.0000  800.0000
  4    0      0    4 16:16:4:0         是 4500.0000 800.0000 1599.9830
  5    0      0    5 20:20:5:0         是 4500.0000 800.0000 1600.0000
  6    0      0    6 24:24:6:0         是 3100.0000 800.0000 3099.9971
  7    0      0    7 25:25:6:0         是 3100.0000 800.0000 3100.0220
  8    0      0    8 26:26:6:0         是 3100.0000 800.0000 3100.0449
  9    0      0    9 27:27:6:0         是 3100.0000 800.0000 3099.9700
 10    0      0   10 28:28:7:0         是 3100.0000 800.0000  800.0050
 11    0      0   11 29:29:7:0         是 3100.0000 800.0000  799.9800
 12    0      0   12 30:30:7:0         是 3100.0000 800.0000  800.0000
 13    0      0   13 31:31:7:0         是 3100.0000 800.0000  800.0140

==================== 2026-09-08 16:24:25 ====================
--- Thermal Temps (mC) ---
/sys/devices/virtual/thermal/thermal_zone0/temp: 51000
/sys/devices/virtual/thermal/thermal_zone1/temp: 51000
--- lscpu -e ---
CPU NODE SOCKET CORE L1d:L1i:L2:L3 ONLINE    MAXMHZ   MINMHZ       MHZ
  0    0      0    0 0:0:0:0           是 4500.0000 800.0000 1600.0000
  1    0      0    1 4:4:1:0           是 4500.0000 800.0000 1599.9830
  2    0      0    2 8:8:2:0           是 4500.0000 800.0000 3900.0000
  3    0      0    3 12:12:3:0         是 4500.0000 800.0000  800.0000
  4    0      0    4 16:16:4:0         是 4500.0000 800.0000 1600.0160
  5    0      0    5 20:20:5:0         是 4500.0000 800.0000 1600.0000
  6    0      0    6 24:24:6:0         是 3100.0000 800.0000 3099.8960
  7    0      0    7 25:25:6:0         是 3100.0000 800.0000 3100.0210
  8    0      0    8 26:26:6:0         是 3100.0000 800.0000 3100.0249
  9    0      0    9 27:27:6:0         是 3100.0000 800.0000 3100.0090
 10    0      0   10 28:28:7:0         是 3100.0000 800.0000  800.0080
 11    0      0   11 29:29:7:0         是 3100.0000 800.0000  799.9830
 12    0      0   12 30:30:7:0         是 3100.0000 800.0000  799.9890
 13    0      0   13 31:31:7:0         是 3100.0000 800.0000  800.0280

==================== 2026-09-08 16:24:26 ====================
--- Thermal Temps (mC) ---
/sys/devices/virtual/thermal/thermal_zone0/temp: 50800
/sys/devices/virtual/thermal/thermal_zone1/temp: 51000
--- lscpu -e ---
CPU NODE SOCKET CORE L1d:L1i:L2:L3 ONLINE    MAXMHZ   MINMHZ       MHZ
  0    0      0    0 0:0:0:0           是 4500.0000 800.0000 1600.0160
  1    0      0    1 4:4:1:0           是 4500.0000 800.0000 1600.0160
  2    0      0    2 8:8:2:0           是 4500.0000 800.0000 3900.0000
  3    0      0    3 12:12:3:0         是 4500.0000 800.0000  800.0000
  4    0      0    4 16:16:4:0         是 4500.0000 800.0000 1600.0000
  5    0      0    5 20:20:5:0         是 4500.0000 800.0000 1600.0000
  6    0      0    6 24:24:6:0         是 3100.0000 800.0000 3100.0471
  7    0      0    7 25:25:6:0         是 3100.0000 800.0000 3099.9290
  8    0      0    8 26:26:6:0         是 3100.0000 800.0000 3100.0359
  9    0      0    9 27:27:6:0         是 3100.0000 800.0000 3099.9839
 10    0      0   10 28:28:7:0         是 3100.0000 800.0000  800.0070
 11    0      0   11 29:29:7:0         是 3100.0000 800.0000  800.0010
 12    0      0   12 30:30:7:0         是 3100.0000 800.0000  800.0090
 13    0      0   13 31:31:7:0         是 3100.0000 800.0000  800.0000

==================== 2026-09-08 16:24:27 ====================
--- Thermal Temps (mC) ---
/sys/devices/virtual/thermal/thermal_zone0/temp: 51000
/sys/devices/virtual/thermal/thermal_zone1/temp: 51000
--- lscpu -e ---
CPU NODE SOCKET CORE L1d:L1i:L2:L3 ONLINE    MAXMHZ   MINMHZ       MHZ
  0    0      0    0 0:0:0:0           是 4500.0000 800.0000 1300.0000
  1    0      0    1 4:4:1:0           是 4500.0000 800.0000 1300.0129
  2    0      0    2 8:8:2:0           是 4500.0000 800.0000 3900.0000
  3    0      0    3 12:12:3:0         是 4500.0000 800.0000  800.0000
  4    0      0    4 16:16:4:0         是 4500.0000 800.0000 1300.0000
  5    0      0    5 20:20:5:0         是 4500.0000 800.0000 1299.9860
  6    0      0    6 24:24:6:0         是 3100.0000 800.0000 3100.0510
  7    0      0    7 25:25:6:0         是 3100.0000 800.0000 3099.9260
  8    0      0    8 26:26:6:0         是 3100.0000 800.0000 3100.0559
  9    0      0    9 27:27:6:0         是 3100.0000 800.0000 3100.0471
 10    0      0   10 28:28:7:0         是 3100.0000 800.0000  799.9830
 11    0      0   11 29:29:7:0         是 3100.0000 800.0000  800.0110
 12    0      0   12 30:30:7:0         是 3100.0000 800.0000  799.9880
 13    0      0   13 31:31:7:0         是 3100.0000 800.0000  800.0100

==================== 2026-09-08 16:24:28 ====================
--- Thermal Temps (mC) ---
/sys/devices/virtual/thermal/thermal_zone0/temp: 50700
/sys/devices/virtual/thermal/thermal_zone1/temp: 53000
--- lscpu -e ---
CPU NODE SOCKET CORE L1d:L1i:L2:L3 ONLINE    MAXMHZ   MINMHZ       MHZ
  0    0      0    0 0:0:0:0           是 4500.0000 800.0000 1400.0000
  1    0      0    1 4:4:1:0           是 4500.0000 800.0000 1399.9850
  2    0      0    2 8:8:2:0           是 4500.0000 800.0000 3900.0391
  3    0      0    3 12:12:3:0         是 4500.0000 800.0000  800.0000
  4    0      0    4 16:16:4:0         是 4500.0000 800.0000 1400.0140
  5    0      0    5 20:20:5:0         是 4500.0000 800.0000 1400.0000
  6    0      0    6 24:24:6:0         是 3100.0000 800.0000 3099.9861
  7    0      0    7 25:25:6:0         是 3100.0000 800.0000 3100.0371
  8    0      0    8 26:26:6:0         是 3100.0000 800.0000 3099.8870
  9    0      0    9 27:27:6:0         是 3100.0000 800.0000 3100.0391
 10    0      0   10 28:28:7:0         是 3100.0000 800.0000  799.9960
 11    0      0   11 29:29:7:0         是 3100.0000 800.0000  800.0060
 12    0      0   12 30:30:7:0         是 3100.0000 800.0000  799.9920
 13    0      0   13 31:31:7:0         是 3100.0000 800.0000  799.9970

==================== 2026-09-08 16:24:30 ====================
--- Thermal Temps (mC) ---
/sys/devices/virtual/thermal/thermal_zone0/temp: 50000
/sys/devices/virtual/thermal/thermal_zone1/temp: 48000
--- lscpu -e ---
CPU NODE SOCKET CORE L1d:L1i:L2:L3 ONLINE    MAXMHZ   MINMHZ       MHZ
  0    0      0    0 0:0:0:0           是 4500.0000 800.0000 1499.9840
  1    0      0    1 4:4:1:0           是 4500.0000 800.0000 1500.0000
  2    0      0    2 8:8:2:0           是 4500.0000 800.0000 3900.0000
  3    0      0    3 12:12:3:0         是 4500.0000 800.0000  800.0000
  4    0      0    4 16:16:4:0         是 4500.0000 800.0000 1500.0000
  5    0      0    5 20:20:5:0         是 4500.0000 800.0000 1500.0000
  6    0      0    6 24:24:6:0         是 3100.0000 800.0000 3099.9370
  7    0      0    7 25:25:6:0         是 3100.0000 800.0000 3100.0300
  8    0      0    8 26:26:6:0         是 3100.0000 800.0000 3100.0071
  9    0      0    9 27:27:6:0         是 3100.0000 800.0000 3100.0869
 10    0      0   10 28:28:7:0         是 3100.0000 800.0000  800.0020
 11    0      0   11 29:29:7:0         是 3100.0000 800.0000  800.0200
 12    0      0   12 30:30:7:0         是 3100.0000 800.0000  799.9960
 13    0      0   13 31:31:7:0         是 3100.0000 800.0000  799.9960

==================== 2026-09-08 16:24:31 ====================
--- Thermal Temps (mC) ---
/sys/devices/virtual/thermal/thermal_zone0/temp: 48400
/sys/devices/virtual/thermal/thermal_zone1/temp: 47000
--- lscpu -e ---
CPU NODE SOCKET CORE L1d:L1i:L2:L3 ONLINE    MAXMHZ   MINMHZ       MHZ
  0    0      0    0 0:0:0:0           是 4500.0000 800.0000 1500.0000
  1    0      0    1 4:4:1:0           是 4500.0000 800.0000 1500.0000
  2    0      0    2 8:8:2:0           是 4500.0000 800.0000 3900.0000
  3    0      0    3 12:12:3:0         是 4500.0000 800.0000  800.0000
  4    0      0    4 16:16:4:0         是 4500.0000 800.0000 1500.0000
  5    0      0    5 20:20:5:0         是 4500.0000 800.0000 1500.0000
  6    0      0    6 24:24:6:0         是 3100.0000 800.0000 3099.9839
  7    0      0    7 25:25:6:0         是 3100.0000 800.0000 3099.9871
  8    0      0    8 26:26:6:0         是 3100.0000 800.0000 3099.9880
  9    0      0    9 27:27:6:0         是 3100.0000 800.0000 3099.9209
 10    0      0   10 28:28:7:0         是 3100.0000 800.0000  800.0000
 11    0      0   11 29:29:7:0         是 3100.0000 800.0000  799.9950
 12    0      0   12 30:30:7:0         是 3100.0000 800.0000  799.9810
 13    0      0   13 31:31:7:0         是 3100.0000 800.0000  799.9980

==================== 2026-09-08 16:24:32 ====================
--- Thermal Temps (mC) ---
/sys/devices/virtual/thermal/thermal_zone0/temp: 49000
/sys/devices/virtual/thermal/thermal_zone1/temp: 52000
--- lscpu -e ---
CPU NODE SOCKET CORE L1d:L1i:L2:L3 ONLINE    MAXMHZ   MINMHZ       MHZ
  0    0      0    0 0:0:0:0           是 4500.0000 800.0000 1600.0000
  1    0      0    1 4:4:1:0           是 4500.0000 800.0000 1600.0000
  2    0      0    2 8:8:2:0           是 4500.0000 800.0000 3900.0000
  3    0      0    3 12:12:3:0         是 4500.0000 800.0000  800.0000
  4    0      0    4 16:16:4:0         是 4500.0000 800.0000 1600.0000
  5    0      0    5 20:20:5:0         是 4500.0000 800.0000 1600.0000
  6    0      0    6 24:24:6:0         是 3100.0000 800.0000 3100.0161
  7    0      0    7 25:25:6:0         是 3100.0000 800.0000 3100.0859
  8    0      0    8 26:26:6:0         是 3100.0000 800.0000 3099.9839
  9    0      0    9 27:27:6:0         是 3100.0000 800.0000 3099.9719
 10    0      0   10 28:28:7:0         是 3100.0000 800.0000  799.9960
 11    0      0   11 29:29:7:0         是 3100.0000 800.0000  799.9900
 12    0      0   12 30:30:7:0         是 3100.0000 800.0000  800.0010
 13    0      0   13 31:31:7:0         是 3100.0000 800.0000  800.0000

==================== 2026-09-08 16:24:33 ====================
--- Thermal Temps (mC) ---
/sys/devices/virtual/thermal/thermal_zone0/temp: 49000
/sys/devices/virtual/thermal/thermal_zone1/temp: 50000
--- lscpu -e ---
CPU NODE SOCKET CORE L1d:L1i:L2:L3 ONLINE    MAXMHZ   MINMHZ       MHZ
  0    0      0    0 0:0:0:0           是 4500.0000 800.0000 1579.4310
  1    0      0    1 4:4:1:0           是 4500.0000 800.0000 1599.9830
  2    0      0    2 8:8:2:0           是 4500.0000 800.0000 3899.9600
  3    0      0    3 12:12:3:0         是 4500.0000 800.0000  800.0000
  4    0      0    4 16:16:4:0         是 4500.0000 800.0000 1600.0000
  5    0      0    5 20:20:5:0         是 4500.0000 800.0000 1600.0000
  6    0      0    6 24:24:6:0         是 3100.0000 800.0000 3099.9490
  7    0      0    7 25:25:6:0         是 3100.0000 800.0000 3100.0349
  8    0      0    8 26:26:6:0         是 3100.0000 800.0000 3100.0481
  9    0      0    9 27:27:6:0         是 3100.0000 800.0000 3100.0049
 10    0      0   10 28:28:7:0         是 3100.0000 800.0000  799.9880
 11    0      0   11 29:29:7:0         是 3100.0000 800.0000  799.9820
 12    0      0   12 30:30:7:0         是 3100.0000 800.0000  799.9960
 13    0      0   13 31:31:7:0         是 3100.0000 800.0000  800.0050

==================== 2026-09-08 16:24:34 ====================
--- Thermal Temps (mC) ---
/sys/devices/virtual/thermal/thermal_zone0/temp: 48800
/sys/devices/virtual/thermal/thermal_zone1/temp: 50000
--- lscpu -e ---
CPU NODE SOCKET CORE L1d:L1i:L2:L3 ONLINE    MAXMHZ   MINMHZ       MHZ
  0    0      0    0 0:0:0:0           是 4500.0000 800.0000 1500.0000
  1    0      0    1 4:4:1:0           是 4500.0000 800.0000 1500.0000
  2    0      0    2 8:8:2:0           是 4500.0000 800.0000 3900.0000
  3    0      0    3 12:12:3:0         是 4500.0000 800.0000  800.0000
  4    0      0    4 16:16:4:0         是 4500.0000 800.0000 1500.0000
  5    0      0    5 20:20:5:0         是 4500.0000 800.0000 1499.9840
  6    0      0    6 24:24:6:0         是 3100.0000 800.0000 3100.0281
  7    0      0    7 25:25:6:0         是 3100.0000 800.0000 3100.0681
  8    0      0    8 26:26:6:0         是 3100.0000 800.0000 3100.0161
  9    0      0    9 27:27:6:0         是 3100.0000 800.0000 3100.0339
 10    0      0   10 28:28:7:0         是 3100.0000 800.0000  800.0080
 11    0      0   11 29:29:7:0         是 3100.0000 800.0000  799.9890
 12    0      0   12 30:30:7:0         是 3100.0000 800.0000  800.0050
 13    0      0   13 31:31:7:0         是 3100.0000 800.0000  799.9950

==================== 2026-09-08 16:24:36 ====================
--- Thermal Temps (mC) ---
/sys/devices/virtual/thermal/thermal_zone0/temp: 48600
/sys/devices/virtual/thermal/thermal_zone1/temp: 48000
--- lscpu -e ---
CPU NODE SOCKET CORE L1d:L1i:L2:L3 ONLINE    MAXMHZ   MINMHZ       MHZ
  0    0      0    0 0:0:0:0           是 4500.0000 800.0000 1600.0000
  1    0      0    1 4:4:1:0           是 4500.0000 800.0000 1600.0000
  2    0      0    2 8:8:2:0           是 4500.0000 800.0000 3899.9600
  3    0      0    3 12:12:3:0         是 4500.0000 800.0000  800.0000
  4    0      0    4 16:16:4:0         是 4500.0000 800.0000 1548.4110
  5    0      0    5 20:20:5:0         是 4500.0000 800.0000 1600.0000
  6    0      0    6 24:24:6:0         是 3100.0000 800.0000 3100.0181
  7    0      0    7 25:25:6:0         是 3100.0000 800.0000 3099.9871
  8    0      0    8 26:26:6:0         是 3100.0000 800.0000 3099.9409
  9    0      0    9 27:27:6:0         是 3100.0000 800.0000 3099.9331
 10    0      0   10 28:28:7:0         是 3100.0000 800.0000  800.0170
 11    0      0   11 29:29:7:0         是 3100.0000 800.0000  799.9760
 12    0      0   12 30:30:7:0         是 3100.0000 800.0000  799.9880
 13    0      0   13 31:31:7:0         是 3100.0000 800.0000  799.9930

==================== 2026-09-08 16:24:37 ====================
--- Thermal Temps (mC) ---
/sys/devices/virtual/thermal/thermal_zone0/temp: 48900
/sys/devices/virtual/thermal/thermal_zone1/temp: 47000
--- lscpu -e ---
CPU NODE SOCKET CORE L1d:L1i:L2:L3 ONLINE    MAXMHZ   MINMHZ       MHZ
  0    0      0    0 0:0:0:0           是 4500.0000 800.0000 1500.0000
  1    0      0    1 4:4:1:0           是 4500.0000 800.0000 1499.9840
  2    0      0    2 8:8:2:0           是 4500.0000 800.0000 3900.0000
  3    0      0    3 12:12:3:0         是 4500.0000 800.0000  800.0000
  4    0      0    4 16:16:4:0         是 4500.0000 800.0000 1500.0000
  5    0      0    5 20:20:5:0         是 4500.0000 800.0000 1500.0150
  6    0      0    6 24:24:6:0         是 3100.0000 800.0000 3100.0701
  7    0      0    7 25:25:6:0         是 3100.0000 800.0000 3100.0291
  8    0      0    8 26:26:6:0         是 3100.0000 800.0000 3099.9619
  9    0      0    9 27:27:6:0         是 3100.0000 800.0000 3100.0071
 10    0      0   10 28:28:7:0         是 3100.0000 800.0000  800.0130
 11    0      0   11 29:29:7:0         是 3100.0000 800.0000  799.9860
 12    0      0   12 30:30:7:0         是 3100.0000 800.0000  800.0000
 13    0      0   13 31:31:7:0         是 3100.0000 800.0000  800.0040

==================== 2026-09-08 16:24:38 ====================
--- Thermal Temps (mC) ---
/sys/devices/virtual/thermal/thermal_zone0/temp: 49700
/sys/devices/virtual/thermal/thermal_zone1/temp: 50000
--- lscpu -e ---
CPU NODE SOCKET CORE L1d:L1i:L2:L3 ONLINE    MAXMHZ   MINMHZ       MHZ
  0    0      0    0 0:0:0:0           是 4500.0000 800.0000 1500.0000
  1    0      0    1 4:4:1:0           是 4500.0000 800.0000 1500.0000
  2    0      0    2 8:8:2:0           是 4500.0000 800.0000 3900.0000
  3    0      0    3 12:12:3:0         是 4500.0000 800.0000  800.0000
  4    0      0    4 16:16:4:0         是 4500.0000 800.0000 1500.0000
  5    0      0    5 20:20:5:0         是 4500.0000 800.0000 1500.0000
  6    0      0    6 24:24:6:0         是 3100.0000 800.0000 3100.0400
  7    0      0    7 25:25:6:0         是 3100.0000 800.0000 3100.0740
  8    0      0    8 26:26:6:0         是 3100.0000 800.0000 3100.0879
  9    0      0    9 27:27:6:0         是 3100.0000 800.0000 3099.9670
 10    0      0   10 28:28:7:0         是 3100.0000 800.0000  799.9970
 11    0      0   11 29:29:7:0         是 3100.0000 800.0000  799.9850
 12    0      0   12 30:30:7:0         是 3100.0000 800.0000  800.0150
 13    0      0   13 31:31:7:0         是 3100.0000 800.0000  800.0130

==================== 2026-09-08 16:24:39 ====================
--- Thermal Temps (mC) ---
/sys/devices/virtual/thermal/thermal_zone0/temp: 49800
/sys/devices/virtual/thermal/thermal_zone1/temp: 50000
--- lscpu -e ---
CPU NODE SOCKET CORE L1d:L1i:L2:L3 ONLINE    MAXMHZ   MINMHZ       MHZ
  0    0      0    0 0:0:0:0           是 4500.0000 800.0000 1400.0000
  1    0      0    1 4:4:1:0           是 4500.0000 800.0000 1399.9850
  2    0      0    2 8:8:2:0           是 4500.0000 800.0000 3900.0000
  3    0      0    3 12:12:3:0         是 4500.0000 800.0000  800.0000
  4    0      0    4 16:16:4:0         是 4500.0000 800.0000 1399.9850
  5    0      0    5 20:20:5:0         是 4500.0000 800.0000 1399.9850
  6    0      0    6 24:24:6:0         是 3100.0000 800.0000 3100.0020
  7    0      0    7 25:25:6:0         是 3100.0000 800.0000 3099.9221
  8    0      0    8 26:26:6:0         是 3100.0000 800.0000 3099.9971
  9    0      0    9 27:27:6:0         是 3100.0000 800.0000 3099.9819
 10    0      0   10 28:28:7:0         是 3100.0000 800.0000  799.9800
 11    0      0   11 29:29:7:0         是 3100.0000 800.0000  799.9940
 12    0      0   12 30:30:7:0         是 3100.0000 800.0000  799.9960
 13    0      0   13 31:31:7:0         是 3100.0000 800.0000  800.0030

==================== 2026-09-08 16:24:40 ====================
--- Thermal Temps (mC) ---
/sys/devices/virtual/thermal/thermal_zone0/temp: 49900
/sys/devices/virtual/thermal/thermal_zone1/temp: 50000
--- lscpu -e ---
CPU NODE SOCKET CORE L1d:L1i:L2:L3 ONLINE    MAXMHZ   MINMHZ       MHZ
  0    0      0    0 0:0:0:0           是 4500.0000 800.0000 1500.0150
  1    0      0    1 4:4:1:0           是 4500.0000 800.0000 1499.9840
  2    0      0    2 8:8:2:0           是 4500.0000 800.0000 3900.0391
  3    0      0    3 12:12:3:0         是 4500.0000 800.0000  800.0000
  4    0      0    4 16:16:4:0         是 4500.0000 800.0000 1499.9840
  5    0      0    5 20:20:5:0         是 4500.0000 800.0000 1455.5240
  6    0      0    6 24:24:6:0         是 3100.0000 800.0000 3099.9810
  7    0      0    7 25:25:6:0         是 3100.0000 800.0000 3100.0181
  8    0      0    8 26:26:6:0         是 3100.0000 800.0000 3099.9819
  9    0      0    9 27:27:6:0         是 3100.0000 800.0000 3100.0540
 10    0      0   10 28:28:7:0         是 3100.0000 800.0000  800.0180
 11    0      0   11 29:29:7:0         是 3100.0000 800.0000  800.0070
 12    0      0   12 30:30:7:0         是 3100.0000 800.0000  800.0160
 13    0      0   13 31:31:7:0         是 3100.0000 800.0000  799.9930

==================== 2026-09-08 16:24:41 ====================
--- Thermal Temps (mC) ---
/sys/devices/virtual/thermal/thermal_zone0/temp: 48900
/sys/devices/virtual/thermal/thermal_zone1/temp: 50000
--- lscpu -e ---
CPU NODE SOCKET CORE L1d:L1i:L2:L3 ONLINE    MAXMHZ   MINMHZ       MHZ
  0    0      0    0 0:0:0:0           是 4500.0000 800.0000 1599.9830
  1    0      0    1 4:4:1:0           是 4500.0000 800.0000 1599.9830
  2    0      0    2 8:8:2:0           是 4500.0000 800.0000 3900.0391
  3    0      0    3 12:12:3:0         是 4500.0000 800.0000  800.0000
  4    0      0    4 16:16:4:0         是 4500.0000 800.0000 1600.0160
  5    0      0    5 20:20:5:0         是 4500.0000 800.0000 1526.8800
  6    0      0    6 24:24:6:0         是 3100.0000 800.0000 3100.0039
  7    0      0    7 25:25:6:0         是 3100.0000 800.0000 3100.0249
  8    0      0    8 26:26:6:0         是 3100.0000 800.0000 3100.0520
  9    0      0    9 27:27:6:0         是 3100.0000 800.0000 3099.9290
 10    0      0   10 28:28:7:0         是 3100.0000 800.0000  799.9870
 11    0      0   11 29:29:7:0         是 3100.0000 800.0000  800.0020
 12    0      0   12 30:30:7:0         是 3100.0000 800.0000  799.9890
 13    0      0   13 31:31:7:0         是 3100.0000 800.0000  800.0000

==================== 2026-09-08 16:24:42 ====================
--- Thermal Temps (mC) ---
/sys/devices/virtual/thermal/thermal_zone0/temp: 49600
/sys/devices/virtual/thermal/thermal_zone1/temp: 50000
--- lscpu -e ---
CPU NODE SOCKET CORE L1d:L1i:L2:L3 ONLINE    MAXMHZ   MINMHZ       MHZ
  0    0      0    0 0:0:0:0           是 4500.0000 800.0000 1600.0000
  1    0      0    1 4:4:1:0           是 4500.0000 800.0000 1600.0000
  2    0      0    2 8:8:2:0           是 4500.0000 800.0000 3900.0000
  3    0      0    3 12:12:3:0         是 4500.0000 800.0000  800.0000
  4    0      0    4 16:16:4:0         是 4500.0000 800.0000 1600.0160
  5    0      0    5 20:20:5:0         是 4500.0000 800.0000 1600.0000
  6    0      0    6 24:24:6:0         是 3100.0000 800.0000 3099.9700
  7    0      0    7 25:25:6:0         是 3100.0000 800.0000 3100.0330
  8    0      0    8 26:26:6:0         是 3100.0000 800.0000 3100.0129
  9    0      0    9 27:27:6:0         是 3100.0000 800.0000 3099.9541
 10    0      0   10 28:28:7:0         是 3100.0000 800.0000  799.9900
 11    0      0   11 29:29:7:0         是 3100.0000 800.0000  799.9810
 12    0      0   12 30:30:7:0         是 3100.0000 800.0000  800.0090
 13    0      0   13 31:31:7:0         是 3100.0000 800.0000  799.9910

==================== 2026-09-08 16:24:43 ====================
--- Thermal Temps (mC) ---
/sys/devices/virtual/thermal/thermal_zone0/temp: 49600
/sys/devices/virtual/thermal/thermal_zone1/temp: 47000
--- lscpu -e ---
CPU NODE SOCKET CORE L1d:L1i:L2:L3 ONLINE    MAXMHZ   MINMHZ       MHZ
  0    0      0    0 0:0:0:0           是 4500.0000 800.0000 1700.0170
  1    0      0    1 4:4:1:0           是 4500.0000 800.0000 1699.9821
  2    0      0    2 8:8:2:0           是 4500.0000 800.0000 3900.0000
  3    0      0    3 12:12:3:0         是 4500.0000 800.0000  800.0000
  4    0      0    4 16:16:4:0         是 4500.0000 800.0000 1699.9821
  5    0      0    5 20:20:5:0         是 4500.0000 800.0000 1699.9821
  6    0      0    6 24:24:6:0         是 3100.0000 800.0000 3099.9929
  7    0      0    7 25:25:6:0         是 3100.0000 800.0000 3100.0410
  8    0      0    8 26:26:6:0         是 3100.0000 800.0000 3100.0791
  9    0      0    9 27:27:6:0         是 3100.0000 800.0000 3099.9719
 10    0      0   10 28:28:7:0         是 3100.0000 800.0000  799.9780
 11    0      0   11 29:29:7:0         是 3100.0000 800.0000  799.9810
 12    0      0   12 30:30:7:0         是 3100.0000 800.0000  800.0170
 13    0      0   13 31:31:7:0         是 3100.0000 800.0000  799.9850

==================== 2026-09-08 16:24:44 ====================
--- Thermal Temps (mC) ---
/sys/devices/virtual/thermal/thermal_zone0/temp: 48700
/sys/devices/virtual/thermal/thermal_zone1/temp: 50000
--- lscpu -e ---
CPU NODE SOCKET CORE L1d:L1i:L2:L3 ONLINE    MAXMHZ   MINMHZ       MHZ
  0    0      0    0 0:0:0:0           是 4500.0000 800.0000 1599.9830
  1    0      0    1 4:4:1:0           是 4500.0000 800.0000 1600.0000
  2    0      0    2 8:8:2:0           是 4500.0000 800.0000 3900.0000
  3    0      0    3 12:12:3:0         是 4500.0000 800.0000  800.0000
  4    0      0    4 16:16:4:0         是 4500.0000 800.0000 1599.9830
  5    0      0    5 20:20:5:0         是 4500.0000 800.0000 1600.0000
  6    0      0    6 24:24:6:0         是 3100.0000 800.0000 3099.9399
  7    0      0    7 25:25:6:0         是 3100.0000 800.0000 3099.9490
  8    0      0    8 26:26:6:0         是 3100.0000 800.0000 3099.9951
  9    0      0    9 27:27:6:0         是 3100.0000 800.0000 3099.8931
 10    0      0   10 28:28:7:0         是 3100.0000 800.0000  799.9930
 11    0      0   11 29:29:7:0         是 3100.0000 800.0000  800.0090
 12    0      0   12 30:30:7:0         是 3100.0000 800.0000  800.0240
 13    0      0   13 31:31:7:0         是 3100.0000 800.0000  800.0190

==================== 2026-09-08 16:24:45 ====================
--- Thermal Temps (mC) ---
/sys/devices/virtual/thermal/thermal_zone0/temp: 48500
/sys/devices/virtual/thermal/thermal_zone1/temp: 47000
--- lscpu -e ---
CPU NODE SOCKET CORE L1d:L1i:L2:L3 ONLINE    MAXMHZ   MINMHZ       MHZ
  0    0      0    0 0:0:0:0           是 4500.0000 800.0000 1464.7550
  1    0      0    1 4:4:1:0           是 4500.0000 800.0000 1500.0000
  2    0      0    2 8:8:2:0           是 4500.0000 800.0000 3900.0000
  3    0      0    3 12:12:3:0         是 4500.0000 800.0000  800.0000
  4    0      0    4 16:16:4:0         是 4500.0000 800.0000 1500.0000
  5    0      0    5 20:20:5:0         是 4500.0000 800.0000 1500.0000
  6    0      0    6 24:24:6:0         是 3100.0000 800.0000 3100.0510
  7    0      0    7 25:25:6:0         是 3100.0000 800.0000 3099.9680
  8    0      0    8 26:26:6:0         是 3100.0000 800.0000 3099.9690
  9    0      0    9 27:27:6:0         是 3100.0000 800.0000 3099.9351
 10    0      0   10 28:28:7:0         是 3100.0000 800.0000  799.9920
 11    0      0   11 29:29:7:0         是 3100.0000 800.0000  800.0110
 12    0      0   12 30:30:7:0         是 3100.0000 800.0000  799.9820
 13    0      0   13 31:31:7:0         是 3100.0000 800.0000  800.0140

==================== 2026-09-08 16:24:46 ====================
--- Thermal Temps (mC) ---
/sys/devices/virtual/thermal/thermal_zone0/temp: 48400
/sys/devices/virtual/thermal/thermal_zone1/temp: 48000
--- lscpu -e ---
CPU NODE SOCKET CORE L1d:L1i:L2:L3 ONLINE    MAXMHZ   MINMHZ       MHZ
  0    0      0    0 0:0:0:0           是 4500.0000 800.0000 1599.9830
  1    0      0    1 4:4:1:0           是 4500.0000 800.0000 1600.0000
  2    0      0    2 8:8:2:0           是 4500.0000 800.0000 3900.0391
  3    0      0    3 12:12:3:0         是 4500.0000 800.0000  800.0000
  4    0      0    4 16:16:4:0         是 4500.0000 800.0000 1600.0000
  5    0      0    5 20:20:5:0         是 4500.0000 800.0000 1599.9830
  6    0      0    6 24:24:6:0         是 3100.0000 800.0000 3100.0020
  7    0      0    7 25:25:6:0         是 3100.0000 800.0000 3099.8789
  8    0      0    8 26:26:6:0         是 3100.0000 800.0000 3099.8911
  9    0      0    9 27:27:6:0         是 3100.0000 800.0000 3100.0491
 10    0      0   10 28:28:7:0         是 3100.0000 800.0000  800.0000
 11    0      0   11 29:29:7:0         是 3100.0000 800.0000  799.9920
 12    0      0   12 30:30:7:0         是 3100.0000 800.0000  799.9950
 13    0      0   13 31:31:7:0         是 3100.0000 800.0000  800.0000

==================== 2026-09-08 16:24:47 ====================
--- Thermal Temps (mC) ---
/sys/devices/virtual/thermal/thermal_zone0/temp: 48500
/sys/devices/virtual/thermal/thermal_zone1/temp: 50000
--- lscpu -e ---
CPU NODE SOCKET CORE L1d:L1i:L2:L3 ONLINE    MAXMHZ   MINMHZ       MHZ
  0    0      0    0 0:0:0:0           是 4500.0000 800.0000 1600.0000
  1    0      0    1 4:4:1:0           是 4500.0000 800.0000 1600.0320
  2    0      0    2 8:8:2:0           是 4500.0000 800.0000 3900.0000
  3    0      0    3 12:12:3:0         是 4500.0000 800.0000  800.0000
  4    0      0    4 16:16:4:0         是 4500.0000 800.0000 1557.1270
  5    0      0    5 20:20:5:0         是 4500.0000 800.0000 1600.0000
  6    0      0    6 24:24:6:0         是 3100.0000 800.0000 3100.0171
  7    0      0    7 25:25:6:0         是 3100.0000 800.0000 3099.9861
  8    0      0    8 26:26:6:0         是 3100.0000 800.0000 3100.0669
  9    0      0    9 27:27:6:0         是 3100.0000 800.0000 3099.8970
 10    0      0   10 28:28:7:0         是 3100.0000 800.0000  799.9980
 11    0      0   11 29:29:7:0         是 3100.0000 800.0000  800.0140
 12    0      0   12 30:30:7:0         是 3100.0000 800.0000  800.0280
 13    0      0   13 31:31:7:0         是 3100.0000 800.0000  799.9860

==================== 2026-09-08 16:24:49 ====================
--- Thermal Temps (mC) ---
/sys/devices/virtual/thermal/thermal_zone0/temp: 48600
/sys/devices/virtual/thermal/thermal_zone1/temp: 47000
--- lscpu -e ---
CPU NODE SOCKET CORE L1d:L1i:L2:L3 ONLINE    MAXMHZ   MINMHZ       MHZ
  0    0      0    0 0:0:0:0           是 4500.0000 800.0000 1500.0000
  1    0      0    1 4:4:1:0           是 4500.0000 800.0000 1499.9840
  2    0      0    2 8:8:2:0           是 4500.0000 800.0000 3900.0000
  3    0      0    3 12:12:3:0         是 4500.0000 800.0000  800.0000
  4    0      0    4 16:16:4:0         是 4500.0000 800.0000 1500.0150
  5    0      0    5 20:20:5:0         是 4500.0000 800.0000 1500.0150
  6    0      0    6 24:24:6:0         是 3100.0000 800.0000 3099.9009
  7    0      0    7 25:25:6:0         是 3100.0000 800.0000 3099.9709
  8    0      0    8 26:26:6:0         是 3100.0000 800.0000 3099.9939
  9    0      0    9 27:27:6:0         是 3100.0000 800.0000 3099.8940
 10    0      0   10 28:28:7:0         是 3100.0000 800.0000  799.9980
 11    0      0   11 29:29:7:0         是 3100.0000 800.0000  800.0290
 12    0      0   12 30:30:7:0         是 3100.0000 800.0000  800.0090
 13    0      0   13 31:31:7:0         是 3100.0000 800.0000  799.9880

==================== 2026-09-08 16:24:50 ====================
--- Thermal Temps (mC) ---
/sys/devices/virtual/thermal/thermal_zone0/temp: 48400
/sys/devices/virtual/thermal/thermal_zone1/temp: 47000
--- lscpu -e ---
CPU NODE SOCKET CORE L1d:L1i:L2:L3 ONLINE    MAXMHZ   MINMHZ       MHZ
  0    0      0    0 0:0:0:0           是 4500.0000 800.0000 1399.5930
  1    0      0    1 4:4:1:0           是 4500.0000 800.0000 1400.0000
  2    0      0    2 8:8:2:0           是 4500.0000 800.0000 3900.0391
  3    0      0    3 12:12:3:0         是 4500.0000 800.0000  800.0000
  4    0      0    4 16:16:4:0         是 4500.0000 800.0000 1400.0140
  5    0      0    5 20:20:5:0         是 4500.0000 800.0000 1400.0000
  6    0      0    6 24:24:6:0         是 3100.0000 800.0000 3099.9961
  7    0      0    7 25:25:6:0         是 3100.0000 800.0000 3100.0100
  8    0      0    8 26:26:6:0         是 3100.0000 800.0000 3099.9629
  9    0      0    9 27:27:6:0         是 3100.0000 800.0000 3100.0161
 10    0      0   10 28:28:7:0         是 3100.0000 800.0000  800.0080
 11    0      0   11 29:29:7:0         是 3100.0000 800.0000  800.0000
 12    0      0   12 30:30:7:0         是 3100.0000 800.0000  799.9970
 13    0      0   13 31:31:7:0         是 3100.0000 800.0000  800.0110

==================== 2026-09-08 16:24:51 ====================
--- Thermal Temps (mC) ---
/sys/devices/virtual/thermal/thermal_zone0/temp: 48400
/sys/devices/virtual/thermal/thermal_zone1/temp: 48000
--- lscpu -e ---
CPU NODE SOCKET CORE L1d:L1i:L2:L3 ONLINE    MAXMHZ   MINMHZ       MHZ
  0    0      0    0 0:0:0:0           是 4500.0000 800.0000 1400.0000
  1    0      0    1 4:4:1:0           是 4500.0000 800.0000 1400.0140
  2    0      0    2 8:8:2:0           是 4500.0000 800.0000 3900.0391
  3    0      0    3 12:12:3:0         是 4500.0000 800.0000  800.0000
  4    0      0    4 16:16:4:0         是 4500.0000 800.0000 1400.0140
  5    0      0    5 20:20:5:0         是 4500.0000 800.0000 1400.0000
  6    0      0    6 24:24:6:0         是 3100.0000 800.0000 3099.9299
  7    0      0    7 25:25:6:0         是 3100.0000 800.0000 3099.9009
  8    0      0    8 26:26:6:0         是 3100.0000 800.0000 3100.0720
  9    0      0    9 27:27:6:0         是 3100.0000 800.0000 3099.9390
 10    0      0   10 28:28:7:0         是 3100.0000 800.0000  800.0090
 11    0      0   11 29:29:7:0         是 3100.0000 800.0000  800.0090
 12    0      0   12 30:30:7:0         是 3100.0000 800.0000  800.0070
 13    0      0   13 31:31:7:0         是 3100.0000 800.0000  799.9790

==================== 2026-09-08 16:24:52 ====================
--- Thermal Temps (mC) ---
/sys/devices/virtual/thermal/thermal_zone0/temp: 48800
/sys/devices/virtual/thermal/thermal_zone1/temp: 48000
--- lscpu -e ---
CPU NODE SOCKET CORE L1d:L1i:L2:L3 ONLINE    MAXMHZ   MINMHZ       MHZ
  0    0      0    0 0:0:0:0           是 4500.0000 800.0000 1400.0000
  1    0      0    1 4:4:1:0           是 4500.0000 800.0000 1400.0000
  2    0      0    2 8:8:2:0           是 4500.0000 800.0000 3900.0000
  3    0      0    3 12:12:3:0         是 4500.0000 800.0000  800.0000
  4    0      0    4 16:16:4:0         是 4500.0000 800.0000 1399.9850
  5    0      0    5 20:20:5:0         是 4500.0000 800.0000 1399.9850
  6    0      0    6 24:24:6:0         是 3100.0000 800.0000 3100.0090
  7    0      0    7 25:25:6:0         是 3100.0000 800.0000 3100.0320
  8    0      0    8 26:26:6:0         是 3100.0000 800.0000 3100.0620
  9    0      0    9 27:27:6:0         是 3100.0000 800.0000 3099.8950
 10    0      0   10 28:28:7:0         是 3100.0000 800.0000  799.9830
 11    0      0   11 29:29:7:0         是 3100.0000 800.0000  800.0150
 12    0      0   12 30:30:7:0         是 3100.0000 800.0000  800.0040
 13    0      0   13 31:31:7:0         是 3100.0000 800.0000  799.9940

==================== 2026-09-08 16:24:53 ====================
--- Thermal Temps (mC) ---
/sys/devices/virtual/thermal/thermal_zone0/temp: 48800
/sys/devices/virtual/thermal/thermal_zone1/temp: 50000
--- lscpu -e ---
CPU NODE SOCKET CORE L1d:L1i:L2:L3 ONLINE    MAXMHZ   MINMHZ       MHZ
  0    0      0    0 0:0:0:0           是 4500.0000 800.0000 1600.0640
  1    0      0    1 4:4:1:0           是 4500.0000 800.0000 1600.0000
  2    0      0    2 8:8:2:0           是 4500.0000 800.0000 3605.3120
  3    0      0    3 12:12:3:0         是 4500.0000 800.0000  800.0000
  4    0      0    4 16:16:4:0         是 4500.0000 800.0000 1540.7870
  5    0      0    5 20:20:5:0         是 4500.0000 800.0000 1600.0000
  6    0      0    6 24:24:6:0         是 3100.0000 800.0000 3099.9741
  7    0      0    7 25:25:6:0         是 3100.0000 800.0000 3099.9390
  8    0      0    8 26:26:6:0         是 3100.0000 800.0000 3099.9839
  9    0      0    9 27:27:6:0         是 3100.0000 800.0000 3100.0210
 10    0      0   10 28:28:7:0         是 3100.0000 800.0000  799.9960
 11    0      0   11 29:29:7:0         是 3100.0000 800.0000  799.9740
 12    0      0   12 30:30:7:0         是 3100.0000 800.0000  799.9850
 13    0      0   13 31:31:7:0         是 3100.0000 800.0000  800.0240

==================== 2026-09-08 16:24:54 ====================
--- Thermal Temps (mC) ---
/sys/devices/virtual/thermal/thermal_zone0/temp: 49300
/sys/devices/virtual/thermal/thermal_zone1/temp: 50000
--- lscpu -e ---
CPU NODE SOCKET CORE L1d:L1i:L2:L3 ONLINE    MAXMHZ   MINMHZ       MHZ
  0    0      0    0 0:0:0:0           是 4500.0000 800.0000 1599.9830
  1    0      0    1 4:4:1:0           是 4500.0000 800.0000 1600.0160
  2    0      0    2 8:8:2:0           是 4500.0000 800.0000 3899.9600
  3    0      0    3 12:12:3:0         是 4500.0000 800.0000  800.0000
  4    0      0    4 16:16:4:0         是 4500.0000 800.0000 1600.0000
  5    0      0    5 20:20:5:0         是 4500.0000 800.0000 1600.0000
  6    0      0    6 24:24:6:0         是 3100.0000 800.0000 3100.0359
  7    0      0    7 25:25:6:0         是 3100.0000 800.0000 3099.9971
  8    0      0    8 26:26:6:0         是 3100.0000 800.0000 3100.0259
  9    0      0    9 27:27:6:0         是 3100.0000 800.0000 3100.0239
 10    0      0   10 28:28:7:0         是 3100.0000 800.0000  799.9860
 11    0      0   11 29:29:7:0         是 3100.0000 800.0000  799.9970
 12    0      0   12 30:30:7:0         是 3100.0000 800.0000  799.9960
 13    0      0   13 31:31:7:0         是 3100.0000 800.0000  799.9930

==================== 2026-09-08 16:24:55 ====================
--- Thermal Temps (mC) ---
/sys/devices/virtual/thermal/thermal_zone0/temp: 49300
/sys/devices/virtual/thermal/thermal_zone1/temp: 47000
--- lscpu -e ---
CPU NODE SOCKET CORE L1d:L1i:L2:L3 ONLINE    MAXMHZ   MINMHZ       MHZ
  0    0      0    0 0:0:0:0           是 4500.0000 800.0000 1500.0150
  1    0      0    1 4:4:1:0           是 4500.0000 800.0000 1483.2240
  2    0      0    2 8:8:2:0           是 4500.0000 800.0000 3900.0000
  3    0      0    3 12:12:3:0         是 4500.0000 800.0000  800.0000
  4    0      0    4 16:16:4:0         是 4500.0000 800.0000 1500.0150
  5    0      0    5 20:20:5:0         是 4500.0000 800.0000 1500.0150
  6    0      0    6 24:24:6:0         是 3100.0000 800.0000 3100.0139
  7    0      0    7 25:25:6:0         是 3100.0000 800.0000 3099.9661
  8    0      0    8 26:26:6:0         是 3100.0000 800.0000 3100.0359
  9    0      0    9 27:27:6:0         是 3100.0000 800.0000 3100.0559
 10    0      0   10 28:28:7:0         是 3100.0000 800.0000  800.0080
 11    0      0   11 29:29:7:0         是 3100.0000 800.0000  800.0070
 12    0      0   12 30:30:7:0         是 3100.0000 800.0000  799.9930
 13    0      0   13 31:31:7:0         是 3100.0000 800.0000  799.9830

==================== 2026-09-08 16:24:56 ====================
--- Thermal Temps (mC) ---
/sys/devices/virtual/thermal/thermal_zone0/temp: 48900
/sys/devices/virtual/thermal/thermal_zone1/temp: 47000
--- lscpu -e ---
CPU NODE SOCKET CORE L1d:L1i:L2:L3 ONLINE    MAXMHZ   MINMHZ       MHZ
  0    0      0    0 0:0:0:0           是 4500.0000 800.0000 1599.9830
  1    0      0    1 4:4:1:0           是 4500.0000 800.0000 1550.2670
  2    0      0    2 8:8:2:0           是 4500.0000 800.0000 3900.0000
  3    0      0    3 12:12:3:0         是 4500.0000 800.0000  800.0000
  4    0      0    4 16:16:4:0         是 4500.0000 800.0000 1600.0000
  5    0      0    5 20:20:5:0         是 4500.0000 800.0000 1549.9900
  6    0      0    6 24:24:6:0         是 3100.0000 800.0000 3100.0020
  7    0      0    7 25:25:6:0         是 3100.0000 800.0000 3100.0640
  8    0      0    8 26:26:6:0         是 3100.0000 800.0000 3100.0601
  9    0      0    9 27:27:6:0         是 3100.0000 800.0000 3099.9619
 10    0      0   10 28:28:7:0         是 3100.0000 800.0000  800.0110
 11    0      0   11 29:29:7:0         是 3100.0000 800.0000  799.9900
 12    0      0   12 30:30:7:0         是 3100.0000 800.0000  800.0120
 13    0      0   13 31:31:7:0         是 3100.0000 800.0000  800.0100

==================== 2026-09-08 16:24:57 ====================
--- Thermal Temps (mC) ---
/sys/devices/virtual/thermal/thermal_zone0/temp: 49500
/sys/devices/virtual/thermal/thermal_zone1/temp: 48000
--- lscpu -e ---
CPU NODE SOCKET CORE L1d:L1i:L2:L3 ONLINE    MAXMHZ   MINMHZ       MHZ
  0    0      0    0 0:0:0:0           是 4500.0000 800.0000 1600.0000
  1    0      0    1 4:4:1:0           是 4500.0000 800.0000 1575.3320
  2    0      0    2 8:8:2:0           是 4500.0000 800.0000 3900.0000
  3    0      0    3 12:12:3:0         是 4500.0000 800.0000  800.0000
  4    0      0    4 16:16:4:0         是 4500.0000 800.0000 1600.0320
  5    0      0    5 20:20:5:0         是 4500.0000 800.0000 1600.0000
  6    0      0    6 24:24:6:0         是 3100.0000 800.0000 3099.9551
  7    0      0    7 25:25:6:0         是 3100.0000 800.0000 3099.9380
  8    0      0    8 26:26:6:0         是 3100.0000 800.0000 3100.0681
  9    0      0    9 27:27:6:0         是 3100.0000 800.0000 3100.0540
 10    0      0   10 28:28:7:0         是 3100.0000 800.0000  800.0020
 11    0      0   11 29:29:7:0         是 3100.0000 800.0000  799.9830
 12    0      0   12 30:30:7:0         是 3100.0000 800.0000  800.0090
 13    0      0   13 31:31:7:0         是 3100.0000 800.0000  799.9890

==================== 2026-09-08 16:24:58 ====================
--- Thermal Temps (mC) ---
/sys/devices/virtual/thermal/thermal_zone0/temp: 49100
/sys/devices/virtual/thermal/thermal_zone1/temp: 48000
--- lscpu -e ---
CPU NODE SOCKET CORE L1d:L1i:L2:L3 ONLINE    MAXMHZ   MINMHZ       MHZ
  0    0      0    0 0:0:0:0           是 4500.0000 800.0000 1499.9840
  1    0      0    1 4:4:1:0           是 4500.0000 800.0000 1500.0000
  2    0      0    2 8:8:2:0           是 4500.0000 800.0000 3782.6111
  3    0      0    3 12:12:3:0         是 4500.0000 800.0000  800.0000
  4    0      0    4 16:16:4:0         是 4500.0000 800.0000 1500.0000
  5    0      0    5 20:20:5:0         是 4500.0000 800.0000 1500.0000
  6    0      0    6 24:24:6:0         是 3100.0000 800.0000 3100.0039
  7    0      0    7 25:25:6:0         是 3100.0000 800.0000 3100.0020
  8    0      0    8 26:26:6:0         是 3100.0000 800.0000 3099.9761
  9    0      0    9 27:27:6:0         是 3100.0000 800.0000 3100.0500
 10    0      0   10 28:28:7:0         是 3100.0000 800.0000  800.0240
 11    0      0   11 29:29:7:0         是 3100.0000 800.0000  799.9820
 12    0      0   12 30:30:7:0         是 3100.0000 800.0000  800.0080
 13    0      0   13 31:31:7:0         是 3100.0000 800.0000  799.9730

==================== 2026-09-08 16:24:59 ====================
--- Thermal Temps (mC) ---
/sys/devices/virtual/thermal/thermal_zone0/temp: 49300
/sys/devices/virtual/thermal/thermal_zone1/temp: 50000
--- lscpu -e ---
CPU NODE SOCKET CORE L1d:L1i:L2:L3 ONLINE    MAXMHZ   MINMHZ       MHZ
  0    0      0    0 0:0:0:0           是 4500.0000 800.0000 1600.0000
  1    0      0    1 4:4:1:0           是 4500.0000 800.0000 1600.0160
  2    0      0    2 8:8:2:0           是 4500.0000 800.0000 3900.0391
  3    0      0    3 12:12:3:0         是 4500.0000 800.0000  800.0000
  4    0      0    4 16:16:4:0         是 4500.0000 800.0000 1600.0000
  5    0      0    5 20:20:5:0         是 4500.0000 800.0000 1599.9830
  6    0      0    6 24:24:6:0         是 3100.0000 800.0000 3099.9260
  7    0      0    7 25:25:6:0         是 3100.0000 800.0000 3100.0710
  8    0      0    8 26:26:6:0         是 3100.0000 800.0000 3099.9961
  9    0      0    9 27:27:6:0         是 3100.0000 800.0000 3099.9399
 10    0      0   10 28:28:7:0         是 3100.0000 800.0000  800.0020
 11    0      0   11 29:29:7:0         是 3100.0000 800.0000  800.0140
 12    0      0   12 30:30:7:0         是 3100.0000 800.0000  800.0020
 13    0      0   13 31:31:7:0         是 3100.0000 800.0000  799.9900

==================== 2026-09-08 16:25:01 ====================
--- Thermal Temps (mC) ---
/sys/devices/virtual/thermal/thermal_zone0/temp: 49900
/sys/devices/virtual/thermal/thermal_zone1/temp: 50000
--- lscpu -e ---
CPU NODE SOCKET CORE L1d:L1i:L2:L3 ONLINE    MAXMHZ   MINMHZ       MHZ
  0    0      0    0 0:0:0:0           是 4500.0000 800.0000 1800.0000
  1    0      0    1 4:4:1:0           是 4500.0000 800.0000 1800.0000
  2    0      0    2 8:8:2:0           是 4500.0000 800.0000 3900.0000
  3    0      0    3 12:12:3:0         是 4500.0000 800.0000  800.0000
  4    0      0    4 16:16:4:0         是 4500.0000 800.0000 1800.0000
  5    0      0    5 20:20:5:0         是 4500.0000 800.0000 1799.9810
  6    0      0    6 24:24:6:0         是 3100.0000 800.0000  799.9880
  7    0      0    7 25:25:6:0         是 3100.0000 800.0000  800.0040
  8    0      0    8 26:26:6:0         是 3100.0000 800.0000  799.9750
  9    0      0    9 27:27:6:0         是 3100.0000 800.0000  799.9960
 10    0      0   10 28:28:7:0         是 3100.0000 800.0000  800.0110
 11    0      0   11 29:29:7:0         是 3100.0000 800.0000  799.9860
 12    0      0   12 30:30:7:0         是 3100.0000 800.0000  800.0080
 13    0      0   13 31:31:7:0         是 3100.0000 800.0000  800.0090

==================== 2026-09-08 16:25:02 ====================
--- Thermal Temps (mC) ---
/sys/devices/virtual/thermal/thermal_zone0/temp: 51400
/sys/devices/virtual/thermal/thermal_zone1/temp: 50000
--- lscpu -e ---
CPU NODE SOCKET CORE L1d:L1i:L2:L3 ONLINE    MAXMHZ   MINMHZ       MHZ
  0    0      0    0 0:0:0:0           是 4500.0000 800.0000 1800.0179
  1    0      0    1 4:4:1:0           是 4500.0000 800.0000 1800.0179
  2    0      0    2 8:8:2:0           是 4500.0000 800.0000 3900.0000
  3    0      0    3 12:12:3:0         是 4500.0000 800.0000  800.0000
  4    0      0    4 16:16:4:0         是 4500.0000 800.0000 1800.0179
  5    0      0    5 20:20:5:0         是 4500.0000 800.0000 1800.0000
  6    0      0    6 24:24:6:0         是 3100.0000 800.0000  800.0190
  7    0      0    7 25:25:6:0         是 3100.0000 800.0000  799.9960
  8    0      0    8 26:26:6:0         是 3100.0000 800.0000  799.9950
  9    0      0    9 27:27:6:0         是 3100.0000 800.0000  799.9890
 10    0      0   10 28:28:7:0         是 3100.0000 800.0000  800.0150
 11    0      0   11 29:29:7:0         是 3100.0000 800.0000  800.0080
 12    0      0   12 30:30:7:0         是 3100.0000 800.0000  799.9980
 13    0      0   13 31:31:7:0         是 3100.0000 800.0000  799.9750

==================== 2026-09-08 16:25:03 ====================
--- Thermal Temps (mC) ---
/sys/devices/virtual/thermal/thermal_zone0/temp: 50300
/sys/devices/virtual/thermal/thermal_zone1/temp: 48000
--- lscpu -e ---
CPU NODE SOCKET CORE L1d:L1i:L2:L3 ONLINE    MAXMHZ   MINMHZ       MHZ
  0    0      0    0 0:0:0:0           是 4500.0000 800.0000 1800.0000
  1    0      0    1 4:4:1:0           是 4500.0000 800.0000 1799.9810
  2    0      0    2 8:8:2:0           是 4500.0000 800.0000 3899.9600
  3    0      0    3 12:12:3:0         是 4500.0000 800.0000  800.0000
  4    0      0    4 16:16:4:0         是 4500.0000 800.0000 1800.0000
  5    0      0    5 20:20:5:0         是 4500.0000 800.0000 1800.0179
  6    0      0    6 24:24:6:0         是 3100.0000 800.0000  799.9830
  7    0      0    7 25:25:6:0         是 3100.0000 800.0000  799.9930
  8    0      0    8 26:26:6:0         是 3100.0000 800.0000  800.0080
  9    0      0    9 27:27:6:0         是 3100.0000 800.0000  799.9780
 10    0      0   10 28:28:7:0         是 3100.0000 800.0000  799.9910
 11    0      0   11 29:29:7:0         是 3100.0000 800.0000  800.0130
 12    0      0   12 30:30:7:0         是 3100.0000 800.0000  799.9820
 13    0      0   13 31:31:7:0         是 3100.0000 800.0000  799.9940

==================== 2026-09-08 16:25:04 ====================
--- Thermal Temps (mC) ---
/sys/devices/virtual/thermal/thermal_zone0/temp: 49400
/sys/devices/virtual/thermal/thermal_zone1/temp: 48000
--- lscpu -e ---
CPU NODE SOCKET CORE L1d:L1i:L2:L3 ONLINE    MAXMHZ   MINMHZ       MHZ
  0    0      0    0 0:0:0:0           是 4500.0000 800.0000 1800.0000
  1    0      0    1 4:4:1:0           是 4500.0000 800.0000 1799.9810
  2    0      0    2 8:8:2:0           是 4500.0000 800.0000 3900.0000
  3    0      0    3 12:12:3:0         是 4500.0000 800.0000  800.0000
  4    0      0    4 16:16:4:0         是 4500.0000 800.0000 1739.1860
  5    0      0    5 20:20:5:0         是 4500.0000 800.0000 1799.9810
  6    0      0    6 24:24:6:0         是 3100.0000 800.0000  900.0010
  7    0      0    7 25:25:6:0         是 3100.0000 800.0000  899.9770
  8    0      0    8 26:26:6:0         是 3100.0000 800.0000  900.0130
  9    0      0    9 27:27:6:0         是 3100.0000 800.0000  900.0060
 10    0      0   10 28:28:7:0         是 3100.0000 800.0000  900.0070
 11    0      0   11 29:29:7:0         是 3100.0000 800.0000  900.0000
 12    0      0   12 30:30:7:0         是 3100.0000 800.0000  899.9830
 13    0      0   13 31:31:7:0         是 3100.0000 800.0000  900.0130

==================== 2026-09-08 16:25:05 ====================
--- Thermal Temps (mC) ---
/sys/devices/virtual/thermal/thermal_zone0/temp: 49300
/sys/devices/virtual/thermal/thermal_zone1/temp: 52000
--- lscpu -e ---
CPU NODE SOCKET CORE L1d:L1i:L2:L3 ONLINE    MAXMHZ   MINMHZ       MHZ
  0    0      0    0 0:0:0:0           是 4500.0000 800.0000 1800.0179
  1    0      0    1 4:4:1:0           是 4500.0000 800.0000 1800.0000
  2    0      0    2 8:8:2:0           是 4500.0000 800.0000 3900.0391
  3    0      0    3 12:12:3:0         是 4500.0000 800.0000  800.0000
  4    0      0    4 16:16:4:0         是 4500.0000 800.0000 1800.0360
  5    0      0    5 20:20:5:0         是 4500.0000 800.0000 1800.0000
  6    0      0    6 24:24:6:0         是 3100.0000 800.0000  900.0120
  7    0      0    7 25:25:6:0         是 3100.0000 800.0000  900.0000
  8    0      0    8 26:26:6:0         是 3100.0000 800.0000  900.0140
  9    0      0    9 27:27:6:0         是 3100.0000 800.0000  900.0130
 10    0      0   10 28:28:7:0         是 3100.0000 800.0000  900.0090
 11    0      0   11 29:29:7:0         是 3100.0000 800.0000  899.9630
 12    0      0   12 30:30:7:0         是 3100.0000 800.0000  899.9860
 13    0      0   13 31:31:7:0         是 3100.0000 800.0000  900.0020

==================== 2026-09-08 16:25:06 ====================
--- Thermal Temps (mC) ---
/sys/devices/virtual/thermal/thermal_zone0/temp: 49500
/sys/devices/virtual/thermal/thermal_zone1/temp: 48000
--- lscpu -e ---
CPU NODE SOCKET CORE L1d:L1i:L2:L3 ONLINE    MAXMHZ   MINMHZ       MHZ
  0    0      0    0 0:0:0:0           是 4500.0000 800.0000 1800.0000
  1    0      0    1 4:4:1:0           是 4500.0000 800.0000 1716.8270
  2    0      0    2 8:8:2:0           是 4500.0000 800.0000 3900.0000
  3    0      0    3 12:12:3:0         是 4500.0000 800.0000  800.0000
  4    0      0    4 16:16:4:0         是 4500.0000 800.0000 1799.9810
  5    0      0    5 20:20:5:0         是 4500.0000 800.0000 1800.0000
  6    0      0    6 24:24:6:0         是 3100.0000 800.0000 1199.9771
  7    0      0    7 25:25:6:0         是 3100.0000 800.0000 1199.9900
  8    0      0    8 26:26:6:0         是 3100.0000 800.0000 1200.0280
  9    0      0    9 27:27:6:0         是 3100.0000 800.0000 1200.0450
 10    0      0   10 28:28:7:0         是 3100.0000 800.0000 1200.0010
 11    0      0   11 29:29:7:0         是 3100.0000 800.0000 1200.0200
 12    0      0   12 30:30:7:0         是 3100.0000 800.0000 1200.0010
 13    0      0   13 31:31:7:0         是 3100.0000 800.0000 1200.0020

==================== 2026-09-08 16:25:07 ====================
--- Thermal Temps (mC) ---
/sys/devices/virtual/thermal/thermal_zone0/temp: 49000
/sys/devices/virtual/thermal/thermal_zone1/temp: 50000
--- lscpu -e ---
CPU NODE SOCKET CORE L1d:L1i:L2:L3 ONLINE    MAXMHZ   MINMHZ       MHZ
  0    0      0    0 0:0:0:0           是 4500.0000 800.0000 1800.0179
  1    0      0    1 4:4:1:0           是 4500.0000 800.0000 1800.0000
  2    0      0    2 8:8:2:0           是 4500.0000 800.0000 3899.9600
  3    0      0    3 12:12:3:0         是 4500.0000 800.0000  800.0000
  4    0      0    4 16:16:4:0         是 4500.0000 800.0000 1800.0179
  5    0      0    5 20:20:5:0         是 4500.0000 800.0000 1800.0000
  6    0      0    6 24:24:6:0         是 3100.0000 800.0000 1200.0179
  7    0      0    7 25:25:6:0         是 3100.0000 800.0000 1200.0010
  8    0      0    8 26:26:6:0         是 3100.0000 800.0000 1200.0270
  9    0      0    9 27:27:6:0         是 3100.0000 800.0000 1199.9871
 10    0      0   10 28:28:7:0         是 3100.0000 800.0000 1200.0200
 11    0      0   11 29:29:7:0         是 3100.0000 800.0000 1200.0060
 12    0      0   12 30:30:7:0         是 3100.0000 800.0000 1200.0380
 13    0      0   13 31:31:7:0         是 3100.0000 800.0000 1199.9640

==================== 2026-09-08 16:25:08 ====================
--- Thermal Temps (mC) ---
/sys/devices/virtual/thermal/thermal_zone0/temp: 49100
/sys/devices/virtual/thermal/thermal_zone1/temp: 50000
--- lscpu -e ---
CPU NODE SOCKET CORE L1d:L1i:L2:L3 ONLINE    MAXMHZ   MINMHZ       MHZ
  0    0      0    0 0:0:0:0           是 4500.0000 800.0000 1800.0000
  1    0      0    1 4:4:1:0           是 4500.0000 800.0000 1800.0000
  2    0      0    2 8:8:2:0           是 4500.0000 800.0000 3900.0000
  3    0      0    3 12:12:3:0         是 4500.0000 800.0000  800.0000
  4    0      0    4 16:16:4:0         是 4500.0000 800.0000 1800.0179
  5    0      0    5 20:20:5:0         是 4500.0000 800.0000 1800.0000
  6    0      0    6 24:24:6:0         是 3100.0000 800.0000 1199.9659
  7    0      0    7 25:25:6:0         是 3100.0000 800.0000 1199.9730
  8    0      0    8 26:26:6:0         是 3100.0000 800.0000 1200.0100
  9    0      0    9 27:27:6:0         是 3100.0000 800.0000 1200.0330
 10    0      0   10 28:28:7:0         是 3100.0000 800.0000  992.6250
 11    0      0   11 29:29:7:0         是 3100.0000 800.0000  992.3330
 12    0      0   12 30:30:7:0         是 3100.0000 800.0000 1125.1350
 13    0      0   13 31:31:7:0         是 3100.0000 800.0000 1200.0020

==================== 2026-09-08 16:25:09 ====================
--- Thermal Temps (mC) ---
/sys/devices/virtual/thermal/thermal_zone0/temp: 49500
/sys/devices/virtual/thermal/thermal_zone1/temp: 48000
--- lscpu -e ---
CPU NODE SOCKET CORE L1d:L1i:L2:L3 ONLINE    MAXMHZ   MINMHZ       MHZ
  0    0      0    0 0:0:0:0           是 4500.0000 800.0000 1800.0000
  1    0      0    1 4:4:1:0           是 4500.0000 800.0000 1800.0000
  2    0      0    2 8:8:2:0           是 4500.0000 800.0000 3900.0391
  3    0      0    3 12:12:3:0         是 4500.0000 800.0000  800.0000
  4    0      0    4 16:16:4:0         是 4500.0000 800.0000 1800.0000
  5    0      0    5 20:20:5:0         是 4500.0000 800.0000 1799.9810
  6    0      0    6 24:24:6:0         是 3100.0000 800.0000 1200.0020
  7    0      0    7 25:25:6:0         是 3100.0000 800.0000 1200.0400
  8    0      0    8 26:26:6:0         是 3100.0000 800.0000 1199.9900
  9    0      0    9 27:27:6:0         是 3100.0000 800.0000 1200.0190
 10    0      0   10 28:28:7:0         是 3100.0000 800.0000 1199.9880
 11    0      0   11 29:29:7:0         是 3100.0000 800.0000 1199.9630
 12    0      0   12 30:30:7:0         是 3100.0000 800.0000 1200.0150
 13    0      0   13 31:31:7:0         是 3100.0000 800.0000 1199.9900

